ID User,Headers,Move
EmilyNaranjo,"['Site ""https://lichess.org/YqzFO2fK""', 'Date ""2020.05.05""', 'White ""EmilyNaranjo""', 'Black ""MasterCh1ef423""', 'Result ""0-1""', 'UTCDate ""2020.05.05""', 'UTCTime ""22:30:43""', 'WhiteElo ""1578""', 'BlackElo ""1324""', 'WhiteRatingDiff ""-17""', 'BlackRatingDiff ""+9""', 'Variant ""Standard""', 'TimeControl ""180+2""', 'ECO ""?""', 'Opening ""?""', 'Termination ""Abandoned""']",0-1
EmilyNaranjo,"['Event ""III Copa América U17 2020 Team Battle""', 'Site ""https://lichess.org/ScvpXQGI""', 'Date ""2020.05.05""', 'White ""BurgosB2007""', 'Black ""EmilyNaranjo""', 'Result ""1-0""', 'UTCDate ""2020.05.05""', 'UTCTime ""22:27:59""', 'WhiteElo ""1950""', 'BlackElo ""1581""', 'WhiteRatingDiff ""+1""', 'BlackRatingDiff ""-3""', 'Variant ""Standard""', 'TimeControl ""180+2""', 'ECO ""B00""', 'Opening ""King\'s Pawn""', 'Termination ""Abandoned""']",1. e4 1-0
EmilyNaranjo,"['Event ""III Copa América U17 2020 Team Battle""', 'Site ""https://lichess.org/M5tyjpnJ""', 'Date ""2020.05.05""', 'White ""EmilyNaranjo""', 'Black ""JuanGuara""', 'Result ""0-1""', 'UTCDate ""2020.05.05""', 'UTCTime ""22:26:37""', 'WhiteElo ""1582""', 'BlackElo ""2125""', 'WhiteRatingDiff ""-1""', 'BlackRatingDiff ""+1""', 'Variant ""Standard""', 'TimeControl ""180+2""', 'ECO ""?""', 'Opening ""?""', 'Termination ""Abandoned""']",0-1
EmilyNaranjo,"['Event ""III Copa América U17 2020 Team Battle""', 'Site ""https://lichess.org/Gzs3BTTp""', 'Date ""2020.05.05""', 'White ""hecvkz""', 'Black ""EmilyNaranjo""', 'Result ""1-0""', 'UTCDate ""2020.05.05""', 'UTCTime ""22:21:31""', 'WhiteElo ""1880""', 'BlackElo ""1584""', 'WhiteRatingDiff ""+2""', 'BlackRatingDiff ""-3""', 'Variant ""Standard""', 'TimeControl ""180+2""', 'ECO ""B00""', 'Opening ""King\'s Pawn""', 'Termination ""Abandoned""']",1. e4 1-0
EmilyNaranjo,"['Event ""Rated Blitz game""', 'Site ""https://lichess.org/OGUML7VJ""', 'Date ""2020.05.05""', 'White ""EmilyNaranjo""', 'Black ""nathbailey""', 'Result ""0-1""', 'UTCDate ""2020.05.05""', 'UTCTime ""20:32:22""', 'WhiteElo ""1596""', 'BlackElo ""1613""', 'WhiteRatingDiff ""-11""', 'BlackRatingDiff ""+5""', 'Variant ""Standard""', 'TimeControl ""300+3""', 'ECO ""A41""', 'Opening ""Queen\'s Pawn Game""', 'Termination ""Time forfeit""']",1. d4 d6 2. Bf4 Nf6 3. e3 Nbd7 4. Nd2 e5 5. Bg3 e4 6. Ne2 Be7 7. Nc3 d5 8. h4 O-O 9. f3 exf3 10. gxf3 Nh5 11. Bf2 c6 12. f4 Ndf6 13. Be2 g6 14. Rg1 Kh8 15. Nf3 Ne4 16. Nxe4 dxe4 17. Ne5 Nf6 18. h5 Be6 19. hxg6 fxg6 20. Rh1 Kg7 21. Bh4 Nd7 22. Bxe7 Qxe7 23. Nxd7 Qxd7 24. c4 b5 25. Qc2 bxc4 26. Bxc4 Bf5 27. O-O-O a5 0-1
EmilyNaranjo,"['Event ""Rated Blitz game""', 'Site ""https://lichess.org/GaoJZ0B2""', 'Date ""2020.05.05""', 'White ""EmilyNaranjo""', 'Black ""AI18""', 'Result ""1-0""', 'UTCDate ""2020.05.05""', 'UTCTime ""20:22:48""', 'WhiteElo ""1584""', 'BlackElo ""1594""', 'WhiteRatingDiff ""+12""', 'BlackRatingDiff ""-6""', 'Variant ""Standard""', 'TimeControl ""300+3""', 'ECO ""A40""', 'Opening ""Englund Gambit Complex: Englund Gambit""', 'Termination ""Normal""']",1. d4 e5 2. dxe5 Nc6 3. Nf3 Qe7 4. Nc3 Nxe5 5. Nxe5 Qxe5 6. f4 Qf5 7. e4 Qg6 8. Nd5 Qxe4+ 9. Qe2 Bb4+ 10. Nxb4 Qxe2+ 11. Bxe2 c5 12. Nd5 Kd8 13. Be3 b6 14. O-O-O Bb7 15. Rhe1 Nh6 16. g4 f6 17. f5 Re8 18. Bxh6 gxh6 19. Nxf6 Rf8 20. Rxd7+ Kc8 21. Bb5 Rxf6 22. Re8# 1-0
EmilyNaranjo,"['Event ""Rated Blitz game""', 'Site ""https://lichess.org/hq4PIq9K""', 'Date ""2020.04.27""', 'White ""ReyR""', 'Black ""EmilyNaranjo""', 'Result ""1-0""', 'UTCDate ""2020.04.27""', 'UTCTime ""12:20:00""', 'WhiteElo ""1525""', 'BlackElo ""1598""', 'WhiteRatingDiff ""+7""', 'BlackRatingDiff ""-14""', 'Variant ""Standard""', 'TimeControl ""300+3""', 'ECO ""B32""', 'Opening ""Sicilian Defense: Franco-Sicilian Variation""', 'Termination ""Time forfeit""']",1. e4 c5 2. Nf3 Nc6 3. d4 e6 4. d5 exd5 5. exd5 Nce7 6. c4 d6 7. Bg5 Bf5 8. Bd3 Qa5+ 9. Nc3 h6 10. Bh4 g5 11. Bg3 O-O-O 12. O-O Bg4 13. Nb5 a6 14. Nxd6+ Rxd6 15. Bxd6 f5 16. Be5 Bxf3 17. Qxf3 g4 18. Bxf5+ Kd8 19. Qxg4 Nxf5 20. Qxf5 1-0
EmilyNaranjo,"['Event ""Ven Sub 20 Individual Abs Arena""', 'Site ""https://lichess.org/0k6kJ2u6""', 'Date ""2020.04.07""', 'White ""EmilyNaranjo""', 'Black ""Luisprocrak""', 'Result ""0-1""', 'UTCDate ""2020.04.07""', 'UTCTime ""20:58:22""', 'WhiteElo ""1421""', 'BlackElo ""1697""', 'WhiteRatingDiff ""-10""', 'BlackRatingDiff ""+5""', 'Variant ""Standard""', 'TimeControl ""300+5""', 'ECO ""?""', 'Opening ""?""', 'Termination ""Abandoned""']",0-1
EmilyNaranjo,"['Event ""Ven Sub 20 Individual Abs Arena""', 'Site ""https://lichess.org/S5dpF7yV""', 'Date ""2020.04.07""', 'White ""Angel-GY""', 'Black ""EmilyNaranjo""', 'Result ""1-0""', 'UTCDate ""2020.04.07""', 'UTCTime ""20:51:16""', 'WhiteElo ""1745""', 'BlackElo ""1429""', 'WhiteRatingDiff ""+2""', 'BlackRatingDiff ""-8""', 'Variant ""Standard""', 'TimeControl ""300+5""', 'ECO ""B30""', 'Opening ""Sicilian Defense: Old Sicilian""', 'Termination ""Normal""']",1. e4 c5 2. Nf3 Nc6 3. c3 a6 4. d4 cxd4 5. Nxd4 g6 6. Be3 Bg7 7. Bc4 b5 8. Bb3 Nf6 9. Nd2 Bb7 10. O-O Ne5 11. Bc2 Nc4 12. Nxc4 bxc4 13. f3 Qb6 14. Qc1 d5 15. Nf5 Qb5 16. Nxg7+ Kf8 17. Bh6 Kg8 18. Nf5 gxf5 19. Qg5# 1-0
EmilyNaranjo,"['Event ""Ven Sub 20 Individual Abs Arena""', 'Site ""https://lichess.org/Nufn8hGE""', 'Date ""2020.04.07""', 'White ""fernandomash19""', 'Black ""EmilyNaranjo""', 'Result ""1-0""', 'UTCDate ""2020.04.07""', 'UTCTime ""20:33:01""', 'WhiteElo ""1445""', 'BlackElo ""1462""', 'WhiteRatingDiff ""+7""', 'BlackRatingDiff ""-33""', 'Variant ""Standard""', 'TimeControl ""300+5""', 'ECO ""B34""', 'Opening ""Sicilian Defense: Accelerated Dragon, Modern Variation""', 'Termination ""Time forfeit""']",1. e4 c5 2. Nf3 Nc6 3. d4 cxd4 4. Nxd4 g6 5. Nc3 Bg7 6. Be3 Nf6 7. Qd2 O-O 8. Bc4 e6 9. O-O-O Ng4 10. Bb3 e5 11. Nde2 b6 12. Kb1 Kh8 13. h3 Nxe3 14. Qxe3 d6 15. h4 a5 16. a3 Be6 17. Bxe6 fxe6 18. h5 g5 19. Rd2 Nd4 20. Rhd1 Qf6 21. f3 Qh6 22. Ng3 Rf4 23. Nce2 1-0
EmilyNaranjo,"['Event ""Ven Sub 20 Individual Abs Arena""', 'Site ""https://lichess.org/qKdOCnDI""', 'Date ""2020.04.07""', 'White ""EmilyNaranjo""', 'Black ""ptqs2009""', 'Result ""0-1""', 'UTCDate ""2020.04.07""', 'UTCTime ""20:19:51""', 'WhiteElo ""1492""', 'BlackElo ""1524""', 'WhiteRatingDiff ""-30""', 'BlackRatingDiff ""+5""', 'Variant ""Standard""', 'TimeControl ""300+5""', 'ECO ""D00""', 'Opening ""Queen\'s Pawn Game: Mason Variation""', 'Termination ""Time forfeit""']",1. d4 d5 2. Bf4 Nf6 3. e3 Nc6 4. Nd2 e6 5. Ngf3 Be7 6. Bb5 Bd7 7. Bxc6 Bxc6 8. Ne5 Bb5 9. a4 Ba6 10. c3 O-O 11. b4 b6 12. Nc6 Qd7 13. Nxe7+ Qxe7 14. g4 h6 15. h4 Nh7 16. g5 hxg5 17. hxg5 g6 18. b5 Bb7 19. Qg4 Rfd8 20. Ke2 Qf8 21. Rxh7 Kxh7 22. Qh4+ Kg8 23. Be5 f6 24. Bxf6 Kf7 25. Qh7+ Ke8 26. Bxd8 Rxd8 0-1
EmilyNaranjo,"['Event ""Ven Sub 20 Individual Abs Arena""', 'Site ""https://lichess.org/Z6MP17zq""', 'Date ""2020.04.07""', 'White ""EmilyNaranjo""', 'Black ""Urano0503""', 'Result ""0-1""', 'UTCDate ""2020.04.07""', 'UTCTime ""20:03:28""', 'WhiteElo ""1533""', 'BlackElo ""1499""', 'WhiteRatingDiff ""-41""', 'BlackRatingDiff ""+10""', 'Variant ""Standard""', 'TimeControl ""300+5""', 'ECO ""A80""', 'Opening ""Dutch Defense""', 'Termination ""Time forfeit""']",1. d4 f5 2. Bf4 d5 3. e3 Nf6 4. Nf3 e6 5. Ne5 c6 6. c4 Be7 7. c5 O-O 8. Bd3 Nbd7 9. h3 Ne4 10. Bxe4 fxe4 11. Nxd7 Bxd7 12. Be5 Bf6 13. O-O Qe7 14. f3 exf3 15. Rxf3 Bxe5 16. dxe5 Qg5 17. Nd2 Qxe5 18. Qb3 Rxf3 19. Nxf3 Qc7 20. Rf1 Rf8 21. Kf2 b6 22. Qc3 bxc5 23. Qxc5 Qb6 24. Qd4 Qxd4 25. exd4 a6 26. Ke3 Rb8 27. b3 Rf8 28. Ne5 Rxf1 29. Nxd7 Ra1 30. a4 Ra3 31. Nc5 a5 32. Kf4 Ra2 33. g4 Rh2 34. Nxe6 Rxh3 35. Nc5 Rh1 36. g5 Rd1 37. Ke5 Rg1 38. Kf5 g6+ 39. Kf6 Rf1+ 40. Ke5 Rf5+ 41. Kd6 Rxg5 42. Kxc6 h5 43. Ne6 Rf5 44. Kb6 Rf6 45. Kxa5 Rxe6 46. b4 g5 47. b5 h4 48. b6 Re1 49. b7 Rb1 50. Ka6 h3 51. a5 h2 52. Ka7 h1=Q 53. b8=Q+ Rxb8 54. Kxb8 Qb1+ 55. Ka8 Qb5 0-1
EmilyNaranjo,"['Event ""Ven Sub 20 Individual Abs Arena""', 'Site ""https://lichess.org/g1EQOKhS""', 'Date ""2020.04.07""', 'White ""IA-FI-Geber""', 'Black ""EmilyNaranjo""', 'Result ""0-1""', 'UTCDate ""2020.04.07""', 'UTCTime ""20:00:57""', 'WhiteElo ""1500""', 'BlackElo ""1503""', 'WhiteRatingDiff ""-174""', 'BlackRatingDiff ""+30""', 'Variant ""Standard""', 'TimeControl ""300+5""', 'ECO ""?""', 'Opening ""?""', 'Termination ""Abandoned""']",0-1
EmilyNaranjo,"['Event ""Rated Blitz game""', 'Site ""https://lichess.org/hGn7a7rb""', 'Date ""2020.04.07""', 'White ""EmilyNaranjo""', 'Black ""Udoh""', 'Result ""0-1""', 'UTCDate ""2020.04.07""', 'UTCTime ""12:36:10""', 'WhiteElo ""1606""', 'BlackElo ""1675""', 'WhiteRatingDiff ""-8""', 'BlackRatingDiff ""+5""', 'Variant ""Standard""', 'TimeControl ""180+2""', 'ECO ""D00""', 'Opening ""Queen\'s Pawn Game: Mason Variation""', 'Termination ""Normal""']",1. d4 d5 2. Bf4 Nf6 3. e3 Bf5 4. c3 e6 5. Nd2 Bd6 6. Bg3 O-O 7. Qb3 b6 8. Ngf3 c5 9. c4 Nh5 10. Bxd6 Qxd6 11. h3 Nf6 12. g4 Be4 13. Nxe4 dxe4 14. Ne5 cxd4 15. Rd1 d3 16. g5 Qxe5 17. gxf6 Qxf6 18. Rg1 Nc6 19. Qb5 Ne5 20. Bg2 Qf5 21. Qc6 Nxc6 0-1
EmilyNaranjo,"['Event ""Rated Blitz game""', 'Site ""https://lichess.org/NNrFkI7p""', 'Date ""2020.04.07""', 'White ""bonardo""', 'Black ""EmilyNaranjo""', 'Result ""0-1""', 'UTCDate ""2020.04.07""', 'UTCTime ""12:26:40""', 'WhiteElo ""1599""', 'BlackElo ""1595""', 'WhiteRatingDiff ""-6""', 'BlackRatingDiff ""+11""', 'Variant ""Standard""', 'TimeControl ""180+2""', 'ECO ""B50""', 'Opening ""Sicilian Defense: Modern Variations""', 'Termination ""Normal""']",1. e4 c5 2. Nf3 d6 3. Bc4 Nc6 4. Ng5 e6 5. Qh5 g6 6. Qf3 Qxg5 7. O-O Ne5 8. Qa3 Bd7 9. d4 Nxc4 10. Bxg5 Nxa3 11. Nxa3 cxd4 12. Rad1 e5 13. Nc4 h6 14. Bh4 g5 15. Bg3 Nf6 16. c3 Nxe4 17. cxd4 Nxg3 18. fxg3 exd4 19. Rfe1+ Kd8 20. Rxd4 Rc8 21. Red1 b5 22. Nxd6 Bxd6 23. Rxd6 Rc7 24. Ra6 Ke7 25. b4 Be6 26. a4 bxa4 27. Rxa4 Bb3 28. Re1+ Kd7 29. Ra3 Rc3 30. Rxa7+ Kc6 31. Rxf7 Bxf7 0-1
EmilyNaranjo,"['Event ""CUARENTENA  Arena""', 'Site ""https://lichess.org/6zc8j85k""', 'Date ""2020.03.16""', 'White ""Sulthan_Kan""', 'Black ""EmilyNaranjo""', 'Result ""1-0""', 'UTCDate ""2020.03.16""', 'UTCTime ""02:03:49""', 'WhiteElo ""1613""', 'BlackElo ""1603""', 'WhiteRatingDiff ""+67""', 'BlackRatingDiff ""-8""', 'Variant ""Standard""', 'TimeControl ""180+2""', 'ECO ""C69""', 'Opening ""Ruy Lopez: Exchange Variation, Normal Variation""', 'Termination ""Time forfeit""']",1. e4 e5 2. Nf3 Nc6 3. Bb5 a6 4. Bxc6 dxc6 5. O-O Bg4 6. h3 Bh5 7. d3 Nf6 8. Bg5 Bc5 9. Nbd2 h6 10. Bh4 g5 11. Bg3 Bd6 12. c3 c5 13. Qb3 b6 14. Bxe5 Bxe5 15. Nxe5 O-O 16. g4 Qd6 17. Ndf3 Bg6 18. Nxg6 Rfe8 19. e5 Qc6 20. d4 c4 21. Qc2 Qxf3 22. exf6 Qxh3 23. Qf5 Re6 24. Rac1 Rae8 25. Ne5 Qh4 26. Rce1 h5 27. Re4 hxg4 28. Rxg4 Qh7 29. Rxg5+ Kh8 30. Rh5 Rg8+ 31. Kh2 1-0
EmilyNaranjo,"['Event ""CUARENTENA  Arena""', 'Site ""https://lichess.org/yYKA3kc1""', 'Date ""2020.03.16""', 'White ""EmilyNaranjo""', 'Black ""Sulthan_Kan""', 'Result ""1-0""', 'UTCDate ""2020.03.16""', 'UTCTime ""01:52:26""', 'WhiteElo ""1591""', 'BlackElo ""1724""', 'WhiteRatingDiff ""+12""', 'BlackRatingDiff ""-111""', 'Variant ""Standard""', 'TimeControl ""180+2""', 'ECO ""D00""', 'Opening ""Queen\'s Pawn Game: Mason Variation""', 'Termination ""Normal""']",1. d4 d5 2. Bf4 e6 3. Nf3 Nf6 4. Nbd2 c5 5. e3 Nc6 6. Bd3 Be7 7. c3 c4 8. Bc2 h6 9. Ne5 Bd7 10. b3 b5 11. bxc4 bxc4 12. Nxd7 Nxd7 13. Ba4 Qc8 14. Qg4 Bf6 15. Be5 Ncxe5 16. dxe5 Bxe5 17. Rc1 O-O 18. f4 Bf6 19. Nf3 Qa6 20. Bxd7 Qxa2 21. O-O Qb2 22. Ne5 a5 23. Ba4 Qd2 24. Qg3 Rfb8 25. Nf3 Qa2 26. Nd4 Qxa4 27. f5 Bxd4 28. exd4 Ra6 29. f6 g6 30. Qxb8+ Kh7 31. Qf8 Ra7 32. Qg7# 1-0
EmilyNaranjo,"['Event ""CUARENTENA  Arena""', 'Site ""https://lichess.org/Bs5urAp1""', 'Date ""2020.03.16""', 'White ""Sulthan_Kan""', 'Black ""EmilyNaranjo""', 'Result ""1-0""', 'UTCDate ""2020.03.16""', 'UTCTime ""01:50:31""', 'WhiteElo ""1625""', 'BlackElo ""1599""', 'WhiteRatingDiff ""+99""', 'BlackRatingDiff ""-8""', 'Variant ""Standard""', 'TimeControl ""180+2""', 'ECO ""B00""', 'Opening ""King\'s Pawn""', 'Termination ""Abandoned""']",1. e4 1-0
EmilyNaranjo,"['Event ""CUARENTENA  Arena""', 'Site ""https://lichess.org/Ary2QyH7""', 'Date ""2020.03.16""', 'White ""EmilyNaranjo""', 'Black ""Sulthan_Kan""', 'Result ""0-1""', 'UTCDate ""2020.03.16""', 'UTCTime ""01:39:25""', 'WhiteElo ""1611""', 'BlackElo ""1395""', 'WhiteRatingDiff ""-12""', 'BlackRatingDiff ""+230""', 'Variant ""Standard""', 'TimeControl ""180+2""', 'ECO ""D00""', 'Opening ""Queen\'s Pawn Game: Mason Variation""', 'Termination ""Normal""']",1. d4 d5 2. Bf4 e6 3. Nf3 c5 4. e3 Nf6 5. Nbd2 Nc6 6. Bb5 a6 7. Bxc6+ bxc6 8. Ne5 Bd7 9. Nb3 c4 10. Nc5 Bxc5 11. dxc5 Qa5+ 12. Qd2 Qxc5 13. Qd4 Qxd4 14. exd4 O-O 15. Bg5 Ra7 16. Bxf6 gxf6 17. Nxd7 Rxd7 18. O-O-O Rb8 19. Rhe1 Rdb7 20. b3 cxb3 21. axb3 a5 22. Kb2 Rb5 23. Re3 a4 24. Rg3+ Kf8 25. Rh3 Kg7 26. Rdd3 axb3 27. cxb3 e5 28. dxe5 fxe5 29. Rdg3+ Kf8 30. Rxh7 c5 31. Rf3 R8b7 32. Rh8+ Ke7 33. Rh7 Ke6 34. Rh6+ Ke7 35. Rh7 Kf8 36. Rh8+ Kg7 37. Rfh3 c4 38. R8h7+ Kf6 39. Rf3+ Ke6 40. Rh6+ Kd7 41. Rh7 Kc6 42. Rh6+ Kc5 43. Kc3 Rxb3+ 44. Kc2 Rxf3 45. gxf3 d4 46. Rh5 Kd5 47. Rf5 c3 48. f4 Rb2+ 49. Kd3 Rd2# 0-1
EmilyNaranjo,"['Event ""CUARENTENA  Arena""', 'Site ""https://lichess.org/w1iqJxAr""', 'Date ""2020.03.16""', 'White ""Danielalegil2004""', 'Black ""EmilyNaranjo""', 'Result ""0-1""', 'UTCDate ""2020.03.16""', 'UTCTime ""01:29:26""', 'WhiteElo ""1716""', 'BlackElo ""1597""', 'WhiteRatingDiff ""-34""', 'BlackRatingDiff ""+14""', 'Variant ""Standard""', 'TimeControl ""180+2""', 'ECO ""C78""', 'Opening ""Ruy Lopez: Morphy Defense, Neo-Arkhangelsk Variation""', 'Termination ""Normal""']",1. e4 e5 2. Nf3 Nc6 3. Bb5 a6 4. Ba4 Bc5 5. O-O Nf6 6. d3 O-O 7. Nc3 d5 8. exd5 Nxd5 9. Bxc6 bxc6 10. Nxe5 Qf6 11. Nxd5 cxd5 12. Nf3 Bg4 13. Bg5 Qg6 14. h3 Bxf3 15. Qxf3 Qxg5 16. c4 dxc4 17. dxc4 Rab8 18. b3 Bd4 19. Rfd1 c5 20. b4 Rxb4 21. Rab1 Rxb1 22. Rxb1 Qe5 23. Rb6 Qe1+ 24. Kh2 Be5+ 25. g3 Rd8 26. Qf5 g6 27. Qg5 Qxf2+ 28. Kh1 Rd1# 0-1
EmilyNaranjo,"['Event ""CUARENTENA  Arena""', 'Site ""https://lichess.org/oC37UvqP""', 'Date ""2020.03.16""', 'White ""EmilyNaranjo""', 'Black ""Danielalegil2004""', 'Result ""1-0""', 'UTCDate ""2020.03.16""', 'UTCTime ""01:15:39""', 'WhiteElo ""1581""', 'BlackElo ""1757""', 'WhiteRatingDiff ""+16""', 'BlackRatingDiff ""-41""', 'Variant ""Standard""', 'TimeControl ""180+2""', 'ECO ""D00""', 'Opening ""Queen\'s Pawn Game: Mason Variation""', 'Termination ""Normal""']",1. d4 d5 2. Bf4 Nf6 3. e3 e6 4. Nf3 Bb4+ 5. c3 Ba5 6. Qa4+ Nc6 7. Nbd2 Bb6 8. Bb5 Bd7 9. O-O O-O 10. c4 a6 11. Bxc6 Bxc6 12. Qc2 h6 13. c5 Ba7 14. Ne5 Rc8 15. Nxc6 bxc6 16. Nf3 Ne4 17. Ne5 Qe8 18. f3 f6 19. Ng4 f5 20. Ne5 Nf6 21. Qa4 g5 22. Bg3 h5 23. h4 g4 24. f4 Ne4 25. Be1 g3 26. Qxc6 Qxc6 27. Nxc6 Bb8 28. Ne7+ Kf7 29. Nxc8 Rxc8 30. c6 Ba7 31. Rf3 Nf2 32. Bxf2 gxf2+ 33. Kxf2 Bb6 34. a4 Ba5 35. Rc1 Rb8 36. Rb1 Bc3 37. b3 Bd2 38. Ke2 Bb4 39. Kd3 a5 40. Rff1 Kf6 41. e4 dxe4+ 42. Ke3 Kf7 43. Rh1 Kf6 44. Rhg1 Kf7 45. g4 fxg4 46. Kxe4 Kf6 47. Rgc1 Bd6 48. Rg1 Rg8 49. Rbf1 g3 50. f5 exf5+ 51. Rxf5+ Ke7 52. Rxh5 g2 53. Rg5 Rf8 54. R1xg2 Rf4+ 55. Kd3 Rxh4 56. Rg7+ Ke6 57. R2g6+ Kd5 58. Rg5+ Ke6 59. d5+ Kf6 60. R7g6+ Kf7 61. Rg4 Rh3+ 62. Kc4 Kf8 63. Rg8+ Kf7 64. R8g7+ Kf8 65. Rg2 Rh1 66. R7g4 Rd1 67. Rf2+ Ke8 68. Re4+ Kd8 69. Rg2 Rc1+ 70. Kd3 Rd1+ 71. Kc2 Rf1 72. Rg8+ Rf8 73. Rxf8+ Bxf8 74. Re6 Bb4 75. Kd3 Bc5 76. Ke4 Bd6 77. Kf5 Kc8 78. Kg6 Kd8 79. Kf7 Bc5 80. Re8# 1-0
EmilyNaranjo,"['Event ""CUARENTENA  Arena""', 'Site ""https://lichess.org/CDvJWv6Y""', 'Date ""2020.03.16""', 'White ""Danielalegil2004""', 'Black ""EmilyNaranjo""', 'Result ""1-0""', 'UTCDate ""2020.03.16""', 'UTCTime ""01:04:24""', 'WhiteElo ""1739""', 'BlackElo ""1588""', 'WhiteRatingDiff ""+18""', 'BlackRatingDiff ""-7""', 'Variant ""Standard""', 'TimeControl ""180+2""', 'ECO ""C44""', 'Opening ""King\'s Knight Opening: Konstantinopolsky""', 'Termination ""Time forfeit""']",1. e4 e5 2. g3 Nc6 3. Nf3 Bc5 4. Bb5 a6 5. Ba4 Nf6 6. Nc3 b5 7. Bb3 d6 8. d3 Bg4 9. Bg5 Bxf3 10. Qxf3 Nd4 11. Qd1 h6 12. Bxf6 Qxf6 13. Nd5 Qd8 14. c3 Ne6 15. c4 c6 16. Nc3 Qf6 17. Qe2 Nd4 18. Qd1 Nxb3 19. O-O Nxa1 20. Qxa1 O-O 21. a4 Qf3 22. b3 Qxd3 23. Rd1 Qxe4 24. Nxe4 Bb4 25. Nxd6 Bxd6 26. Rxd6 Rfd8 27. Rxd8+ Rxd8 28. axb5 axb5 29. cxb5 cxb5 30. Qa5 Rd1+ 31. Kg2 Rd5 32. f4 Kh7 33. fxe5 Rxe5 34. Qa1 f6 35. Qb1+ Kg8 36. Qa2 Kf8 37. Qa8+ Ke7 38. Qa7+ Kf8 39. Qb8+ Kf7 40. Kf3 Ke6 41. g4 Kd5 42. Qxb5+ Kd4 43. Qb6+ Kd3 44. b4 Kc4 45. Qb7 1-0
EmilyNaranjo,"['Event ""Torneo Por los subscriptores  Arena""', 'Site ""https://lichess.org/svqp7hqN""', 'Date ""2020.01.31""', 'White ""EmilyNaranjo""', 'Black ""Torre1971""', 'Result ""0-1""', 'UTCDate ""2020.01.31""', 'UTCTime ""01:38:43""', 'WhiteElo ""1589""', 'BlackElo ""2065""', 'WhiteRatingDiff ""-1""', 'BlackRatingDiff ""+1""', 'Variant ""Standard""', 'TimeControl ""180+0""', 'ECO ""D00""', 'Opening ""Queen\'s Pawn Game: Mason Variation""', 'Termination ""Time forfeit""']",1. d4 d5 2. Bf4 c6 3. e3 e6 4. Nf3 Bd6 5. Bg3 Nf6 6. Nbd2 O-O 7. Bd3 b5 8. c3 a5 9. Ne5 Nbd7 10. Nxc6 Qc7 11. Bxd6 Qxd6 12. Bxb5 Ba6 13. Bxa6 Rxa6 14. Ne5 Nxe5 15. dxe5 Qxe5 16. O-O Rb6 17. Nb3 a4 18. Nd4 Rxb2 19. Qxa4 Ng4 20. Nf3 Qf5 21. h3 Ne5 22. Nd4 Qf6 23. Nb3 Nc4 24. e4 h5 25. Rae1 Qxc3 26. exd5 exd5 27. Rc1 Qd3 28. Rfd1 Qe4 29. Re1 Qf5 30. Rf1 Nd2 31. Qd4 Nxb3 32. Qxb2 Nxc1 33. Qxc1 Ra8 0-1
EmilyNaranjo,"['Event ""Torneo Por los subscriptores  Arena""', 'Site ""https://lichess.org/m54U21bh""', 'Date ""2020.01.31""', 'White ""Steven_Rojas""', 'Black ""EmilyNaranjo""', 'Result ""1-0""', 'UTCDate ""2020.01.31""', 'UTCTime ""01:33:25""', 'WhiteElo ""2438""', 'BlackElo ""1589""', 'WhiteRatingDiff ""+0""', 'BlackRatingDiff ""+0""', 'WhiteTitle ""FM""', 'Variant ""Standard""', 'TimeControl ""180+0""', 'ECO ""B23""', 'Opening ""Sicilian Defense: Closed""', 'Termination ""Time forfeit""']",1. e4 c5 2. Nc3 a6 3. f4 b5 4. Nf3 Bb7 5. d3 Nc6 6. g3 Qb6 7. Bg2 O-O-O 8. Be3 e6 9. Ng5 Nh6 10. b4 f6 11. bxc5 Bxc5 12. Bxc5 Qxc5 13. Nf3 Ng4 14. Qd2 f5 15. a4 Rhe8 16. axb5 axb5 17. Rb1 Ba6 18. d4 Qb6 19. Na4 Qa5 20. Qxa5 Nxa5 21. Nc5 d6 22. Nxa6 Kb7 23. Nb4 Ne3 24. Kf2 Nec4 25. Nd3 Kb6 26. exf5 exf5 27. Rhe1 h6 28. d5 Na3 29. Rxb5+ Nxb5 30. Rxe8 Rxe8 31. Nfe5 dxe5 32. Nc5 1-0
EmilyNaranjo,"['Event ""Torneo Por los subscriptores  Arena""', 'Site ""https://lichess.org/BGG2C3S0""', 'Date ""2020.01.31""', 'White ""EmilyNaranjo""', 'Black ""CSyanGomez""', 'Result ""0-1""', 'UTCDate ""2020.01.31""', 'UTCTime ""01:26:12""', 'WhiteElo ""1589""', 'BlackElo ""2182""', 'WhiteRatingDiff ""+0""', 'BlackRatingDiff ""+0""', 'Variant ""Standard""', 'TimeControl ""180+0""', 'ECO ""A45""', 'Opening ""Indian Defense""', 'Termination ""Time forfeit""']",1. d4 Nf6 2. Bf4 g6 3. e3 Bg7 4. Nf3 O-O 5. Be2 d6 6. O-O Nc6 7. c4 Bf5 8. Nc3 e5 9. dxe5 dxe5 10. Qxd8 Raxd8 11. Nxe5 Nxe5 12. Bxe5 Rd2 13. Rad1 Rxd1 14. Rxd1 c6 15. Bd3 Be6 16. b3 Nd7 17. Bxg7 Kxg7 18. Be4 Nc5 19. Kf1 f5 20. Bf3 Kf6 21. e4 fxe4 22. Bxe4 Ke5 23. f3 g5 24. Ke2 g4 25. Ke3 h5 26. Ne2 h4 27. Ng1 h3 28. gxh3 gxh3 29. b4 Nxe4 30. fxe4 Rf4 31. Nf3+ Kf6 32. Kxf4 Bxc4 33. Rd6+ Ke7 34. Rd2 a6 35. Ne5 Be6 36. a4 Bb3 37. a5 Be6 38. Rd3 Bc8 0-1
EmilyNaranjo,"['Event ""Torneo Por los subscriptores  Arena""', 'Site ""https://lichess.org/TvY2ktr8""', 'Date ""2020.01.31""', 'White ""lalofelon""', 'Black ""EmilyNaranjo""', 'Result ""0-1""', 'UTCDate ""2020.01.31""', 'UTCTime ""01:20:28""', 'WhiteElo ""1946""', 'BlackElo ""1573""', 'WhiteRatingDiff ""-10""', 'BlackRatingDiff ""+16""', 'Variant ""Standard""', 'TimeControl ""180+0""', 'ECO ""B50""', 'Opening ""Sicilian Defense: Modern Variations""', 'Termination ""Normal""']",1. e4 c5 2. Nf3 d6 3. Bc4 Nc6 4. d3 Bg4 5. Bxf7+ Kxf7 6. Ng5+ Ke8 7. Qxg4 Nf6 8. Qe6 Ne5 9. c3 h6 10. f4 hxg5 11. fxe5 dxe5 12. Qxe5 Qxd3 13. Bxg5 Rd8 14. Nd2 Rh5 15. h3 g6 16. g4 Nxg4 17. Qf4 Rxg5 18. Qxg5 Ne3 19. Kf2 Qxd2+ 20. Kf3 Kf7 21. Qxe3 Rd3 22. Rad1 Rxe3+ 23. Kg4 Qg2+ 24. Kh4 g5+ 25. Kh5 Rxh3+ 26. Rxh3 Qxh3+ 27. Kxg5 Bh6# 0-1
EmilyNaranjo,"['Event ""Torneo Por los subscriptores  Arena""', 'Site ""https://lichess.org/IXmGk6Ye""', 'Date ""2020.01.31""', 'White ""EmilyNaranjo""', 'Black ""NicolePiChillida""', 'Result ""1-0""', 'UTCDate ""2020.01.31""', 'UTCTime ""01:15:22""', 'WhiteElo ""1568""', 'BlackElo ""1436""', 'WhiteRatingDiff ""+5""', 'BlackRatingDiff ""-4""', 'Variant ""Standard""', 'TimeControl ""180+0""', 'ECO ""C00""', 'Opening ""French Defense: Normal Variation""', 'Termination ""Time forfeit""']",1. d4 e6 2. e4 Bb4+ 3. Bd2 Ba5 4. Bxa5 b6 5. Bd2 d5 6. e5 c5 7. Qg4 g6 8. Bb5+ Bd7 9. Nc3 Ne7 10. Bh6 Nf5 11. Be3 cxd4 12. Bxd4 O-O 13. Nge2 Nxd4 14. Nxd4 Bxb5 15. Ncxb5 Nc6 16. Nxc6 Qd7 17. Nbd4 Rac8 18. O-O-O f6 19. exf6 Rxf6 20. f3 e5 21. Qxd7 exd4 22. Qxd5+ Kg7 23. Qd7+ Rf7 24. Qxc8 Kh6 25. Qh3+ 1-0
EmilyNaranjo,"['Event ""Rated Bullet game""', 'Site ""https://lichess.org/SzrniEnM""', 'Date ""2020.01.28""', 'White ""nandomentalista""', 'Black ""EmilyNaranjo""', 'Result ""1-0""', 'UTCDate ""2020.01.28""', 'UTCTime ""02:13:02""', 'WhiteElo ""1444""', 'BlackElo ""1466""', 'WhiteRatingDiff ""+6""', 'BlackRatingDiff ""-46""', 'Variant ""Standard""', 'TimeControl ""60+0""', 'ECO ""A04""', 'Opening ""Zukertort Opening: Sicilian Invitation""', 'Termination ""Time forfeit""']",1. Nf3 c5 2. g3 Nc6 3. Bg2 b6 4. O-O Bb7 5. Ne5 f6 6. Nd3 d5 7. Nc3 e6 8. Nb5 Qd7 9. Nf4 O-O-O 10. a4 Bd6 11. a5 Bxf4 12. axb6 axb6 13. Ra8+ Bxa8 14. Nc3 d4 15. Ne4 Be5 16. d3 f5 17. Ng5 h6 18. Bf3 hxg5 19. Bxg5 g6 20. Bxd8 Qh7 21. h4 Kxd8 22. Bxc6 Bxc6 23. f3 Bxg3 24. Rf2 1-0
EmilyNaranjo,"['Event ""Rated Bullet game""', 'Site ""https://lichess.org/oGr6H6Hl""', 'Date ""2020.01.28""', 'White ""EmilyNaranjo""', 'Black ""veselechek""', 'Result ""0-1""', 'UTCDate ""2020.01.28""', 'UTCTime ""02:10:29""', 'WhiteElo ""1509""', 'BlackElo ""1547""', 'WhiteRatingDiff ""-43""', 'BlackRatingDiff ""+4""', 'Variant ""Standard""', 'TimeControl ""60+0""', 'ECO ""A40""', 'Opening ""Englund Gambit""', 'Termination ""Time forfeit""']",1. d4 e5 2. dxe5 d5 3. c3 Nc6 4. e4 Nxe5 5. Bf4 Bd6 6. Qxd5 Be6 7. Qxb7 Rb8 8. Qxa7 Rxb2 9. Qa4+ Bd7 10. Qd1 Nf6 11. Bxe5 Bxe5 12. Bc4 O-O 13. Bb3 Bb5 14. Qc1 Qd3 15. Qxb2 Qf1+ 16. Kd2 Bf4+ 17. Kc2 Qxf2+ 18. Kd1 Qxb2 0-1
EmilyNaranjo,"['Event ""Dynamicchess Academy III torne Arena""', 'Site ""https://lichess.org/rUNiBsCh""', 'Date ""2020.01.28""', 'White ""malu1989""', 'Black ""EmilyNaranjo""', 'Result ""1-0""', 'UTCDate ""2020.01.28""', 'UTCTime ""01:58:48""', 'WhiteElo ""1421""', 'BlackElo ""1585""', 'WhiteRatingDiff ""+43""', 'BlackRatingDiff ""-76""', 'Variant ""Standard""', 'TimeControl ""60+0""', 'ECO ""C22""', 'Opening ""Center Game: Normal Variation""', 'Termination ""Time forfeit""']",1. e4 e5 2. d4 exd4 3. Qxd4 Nc6 4. Qd1 Bc5 5. Nc3 d6 6. Nf3 Bg4 7. Be2 h6 8. h3 Be6 9. O-O Qd7 10. Na4 Bb6 11. Nxb6 axb6 12. Be3 Nf6 13. Bd3 O-O 14. Nd4 Bxh3 15. Nxc6 bxc6 16. g3 Bxf1 17. Qxf1 Ng4 18. Bd2 b5 19. Re1 Qe6 20. f3 1-0
EmilyNaranjo,"['Event ""Dynamicchess Academy III torne Arena""', 'Site ""https://lichess.org/cbnBEPs3""', 'Date ""2020.01.28""', 'White ""EmilyNaranjo""', 'Black ""juande85""', 'Result ""0-1""', 'UTCDate ""2020.01.28""', 'UTCTime ""01:56:34""', 'WhiteElo ""1598""', 'BlackElo ""1992""', 'WhiteRatingDiff ""-13""', 'BlackRatingDiff ""+1""', 'Variant ""Standard""', 'TimeControl ""60+0""', 'ECO ""A43""', 'Opening ""Benoni Defense: Old Benoni""', 'Termination ""Time forfeit""']",1. d4 c5 2. e3 cxd4 3. exd4 Nf6 4. Bf4 g6 5. c3 Bg7 6. Nd2 h6 7. Be2 O-O 8. Ngf3 d6 9. O-O Nbd7 10. b4 Re8 11. c4 e5 12. Bg3 Nh5 13. Re1 Nxg3 14. hxg3 exd4 15. Bd3 Ne5 16. Nxe5 dxe5 17. Ne4 Bf5 18. g4 Be6 19. f3 Rc8 20. Nc5 Qc7 21. Qe2 Re7 22. Be4 Rce8 0-1
EmilyNaranjo,"['Event ""Dynamicchess Academy III torne Arena""', 'Site ""https://lichess.org/5RreYjtf""', 'Date ""2020.01.28""', 'White ""GuerreroH2""', 'Black ""EmilyNaranjo""', 'Result ""1-0""', 'UTCDate ""2020.01.28""', 'UTCTime ""01:54:33""', 'WhiteElo ""2021""', 'BlackElo ""1610""', 'WhiteRatingDiff ""+1""', 'BlackRatingDiff ""-12""', 'Variant ""Standard""', 'TimeControl ""60+0""', 'ECO ""A48""', 'Opening ""London System""', 'Termination ""Time forfeit""']",1. d4 Nf6 2. Bf4 g6 3. Nf3 Bg7 4. Qd2 O-O 5. Bh6 Ne4 6. Qc1 d5 7. Nc3 f5 8. h4 Nc6 9. h5 Qe8 10. hxg6 Qxg6 11. e3 e6 12. Bxg7 Kxg7 13. Bd3 Nxc3 14. bxc3 1-0
EmilyNaranjo,"['Event ""Rated Blitz game""', 'Site ""https://lichess.org/1S3MIAgO""', 'Date ""2020.01.14""', 'White ""EmilyNaranjo""', 'Black ""tuture97""', 'Result ""0-1""', 'UTCDate ""2020.01.14""', 'UTCTime ""17:12:18""', 'WhiteElo ""1573""', 'BlackElo ""1684""', 'WhiteRatingDiff ""-5""', 'BlackRatingDiff ""+4""', 'Variant ""Standard""', 'TimeControl ""300+0""', 'ECO ""B02""', 'Opening ""Alekhine Defense: Normal Variation""', 'Termination ""Normal""']",1. e4 Nf6 2. e5 Nd5 3. Bc4 Nb6 4. Bb3 c5 5. Na3 Qc7 6. f4 c4 7. Nb5 Qc5 0-1
EmilyNaranjo,"['Event ""Casual Blitz game""', 'Site ""https://lichess.org/Wkyq6yQx""', 'Date ""2020.01.14""', 'White ""EmilyNaranjo""', 'Black ""Chinitox""', 'Result ""1/2-1/2""', 'UTCDate ""2020.01.14""', 'UTCTime ""13:33:11""', 'WhiteElo ""1573""', 'BlackElo ""1753""', 'Variant ""Standard""', 'TimeControl ""180+2""', 'ECO ""A45""', 'Opening ""Indian Defense""', 'Termination ""Normal""']",1. d4 Nf6 2. Bf4 g6 3. e3 Bg7 4. Nf3 O-O 5. Be2 c5 6. c4 a6 7. O-O d6 8. Qd2 Nc6 9. Nc3 Bf5 10. a3 Nh5 11. Bg3 Nxg3 12. fxg3 Qb6 13. d5 Na5 14. Na4 Qd8 15. Rab1 Bxb1 16. Rxb1 Rb8 17. b4 b5 18. Nc3 Nxc4 19. Bxc4 bxc4 20. e4 cxb4 21. axb4 Qb6+ 22. Kf1 Bxc3 23. Qxc3 a5 24. b5 a4 25. Qxc4 Ra8 26. Nd2 Rfc8 27. Qa2 Qd4 28. b6 Rcb8 29. b7 Ra7 30. Qc2 Raxb7 31. Rxb7 Rxb7 32. Qc8+ Kg7 33. Qxb7 Qxd2 34. Qxe7 a3 35. Qxd6 Qc1+ 36. Kf2 Qb2+ 37. Kf3 a2 38. e5 a1=Q 39. Qf6+ Kf8 40. Qd8+ Kg7 41. Qf6+ Kh6 42. Qf4+ Kg7 43. Qf6+ 1/2-1/2
EmilyNaranjo,"['Event ""Casual Blitz game""', 'Site ""https://lichess.org/ZWXZyPkP""', 'Date ""2020.01.08""', 'White ""EmilyNaranjo""', 'Black ""HndzLeo5""', 'Result ""1-0""', 'UTCDate ""2020.01.08""', 'UTCTime ""17:30:22""', 'WhiteElo ""1573""', 'BlackElo ""1245""', 'Variant ""Standard""', 'TimeControl ""180+2""', 'ECO ""D00""', 'Opening ""Queen\'s Pawn Game: Mason Variation""', 'Termination ""Normal""']",1. d4 d5 2. Bf4 Bf5 3. e3 e6 4. c4 Nf6 5. c5 b6 6. Qb3 bxc5 7. dxc5 Bxc5 8. Qb7 Nbd7 9. Bxc7 Qc8 10. Qc6 O-O 11. Bb5 Nb8 12. Qxc5 Na6 13. Bxa6 Qxa6 14. Be5 Rac8 15. Qd4 Rc1+ 16. Kd2 Rfc8 17. Na3 Qa5+ 18. Ke2 Bg4+ 19. Nf3 Qa6+ 20. Qd3 Qxd3+ 21. Kxd3 Rxa1 22. Rxa1 d4 23. Bxd4 Nd5 24. Nc4 Nb4+ 25. Kc3 a5 26. e4 e5 27. Bxe5 Be6 28. Nd2 f6 29. Bd6 Rc6 30. Bxb4 axb4+ 31. Kxb4 h5 32. Rd1 Kh7 33. b3 g5 34. Nf3 h4 35. g3 g4 36. Nxh4 f5 37. Ng2 1-0
EmilyNaranjo,"['Event ""Rated Blitz game""', 'Site ""https://lichess.org/Ngld8Ij4""', 'Date ""2020.01.07""', 'White ""EmilyNaranjo""', 'Black ""baneadmin""', 'Result ""0-1""', 'UTCDate ""2020.01.07""', 'UTCTime ""13:37:59""', 'WhiteElo ""1581""', 'BlackElo ""1574""', 'WhiteRatingDiff ""-8""', 'BlackRatingDiff ""+7""', 'Variant ""Standard""', 'TimeControl ""300+0""', 'ECO ""D00""', 'Opening ""Queen\'s Pawn Game: Mason Variation""', 'Termination ""Time forfeit""']",1. d4 d5 2. Bf4 Bf5 3. e3 a6 4. Nd2 e6 5. c4 dxc4 6. e4 Bg6 7. Bxc4 Qxd4 8. Qa4+ Qd7 9. Qxd7+ Nxd7 10. Bxc7 Rc8 11. Ba5 Ngf6 12. f3 Bc5 13. Ne2 O-O 14. Rd1 Bb6 15. Bxb6 Nxb6 16. Bd3 Rfd8 17. Nb3 Na4 18. Rd2 Rd7 19. O-O Rcd8 20. Nec1 b5 21. g4 h6 22. Kf2 Ne8 23. Ke3 Nd6 24. Na5 Nc4+ 25. Nxc4 bxc4 26. b3 Nc5 27. bxc4 Nxd3 28. Nxd3 f6 29. Rff2 e5 30. Nc5 Rxd2 31. Rxd2 Rc8 32. Nxa6 Rxc4 0-1
EmilyNaranjo,"['Event ""Casual Blitz game""', 'Site ""https://lichess.org/pjGXZ5Mz""', 'Date ""2020.01.06""', 'White ""EmilyNaranjo""', 'Black ""rafcv11""', 'Result ""1-0""', 'UTCDate ""2020.01.06""', 'UTCTime ""03:32:07""', 'WhiteElo ""1581""', 'BlackElo ""1708""', 'Variant ""Standard""', 'TimeControl ""180+2""', 'ECO ""A45""', 'Opening ""Indian Defense""', 'Termination ""Time forfeit""']",1. d4 Nf6 2. Bf4 g6 3. e3 Bg7 4. c4 O-O 5. Nf3 d6 6. Nbd2 Re8 7. Be2 Nbd7 8. b4 c6 9. Qb3 Qc7 10. c5 e5 11. cxd6 Qxd6 12. Nc4 Qb8 13. Nfxe5 1-0
EmilyNaranjo,"['Event ""Rated Blitz game""', 'Site ""https://lichess.org/rbEuMmUS""', 'Date ""2020.01.05""', 'White ""EmilyNaranjo""', 'Black ""dyrhaug87""', 'Result ""0-1""', 'UTCDate ""2020.01.05""', 'UTCTime ""17:13:54""', 'WhiteElo ""1587""', 'BlackElo ""1615""', 'WhiteRatingDiff ""-6""', 'BlackRatingDiff ""+8""', 'Variant ""Standard""', 'TimeControl ""180+2""', 'ECO ""D00""', 'Opening ""Queen\'s Pawn Game: Mason Variation""', 'Termination ""Time forfeit""']",1. d4 d5 2. Bf4 e6 3. e3 Nf6 4. Nf3 Bd6 5. Bg3 Bxg3 6. hxg3 Nc6 7. c4 Qe7 8. Nbd2 Bd7 9. Qb3 b6 10. a3 O-O 11. Qc2 g6 12. b4 e5 13. dxe5 Nxe5 14. Rd1 Bg4 15. Be2 dxc4 16. Nxc4 b5 17. Ncxe5 Bf5 18. Bd3 Bxd3 19. Rxd3 Rae8 20. Qc3 Ne4 21. Qb2 c5 22. Rd7 Qe6 23. Rxa7 c4 24. Qc2 Qd5 0-1
EmilyNaranjo,"['Event ""Rated Blitz game""', 'Site ""https://lichess.org/4upzlhis""', 'Date ""2020.01.05""', 'White ""EmilyNaranjo""', 'Black ""Rosimarvidal""', 'Result ""1-0""', 'UTCDate ""2020.01.05""', 'UTCTime ""17:04:01""', 'WhiteElo ""1580""', 'BlackElo ""1555""', 'WhiteRatingDiff ""+7""', 'BlackRatingDiff ""-6""', 'Variant ""Standard""', 'TimeControl ""180+2""', 'ECO ""D00""', 'Opening ""Queen\'s Pawn Game: Steinitz Countergambit""', 'Termination ""Time forfeit""']",1. d4 d5 2. Bf4 c5 3. e3 cxd4 4. Qxd4 Nc6 5. Bb5 a6 6. Bxc6+ bxc6 7. Nf3 Nf6 8. Nbd2 Bb7 9. Qb4 Rb8 10. c4 e6 11. Qc3 Be7 12. c5 O-O 13. O-O Ba8 14. b4 Re8 15. a4 Nd7 16. Ne5 Bf6 17. Ndf3 Bxe5 18. Nxe5 Nxe5 19. Bxe5 f6 20. Bxb8 Qxb8 21. f4 Bb7 22. Rf3 Bc8 23. Raf1 Rf8 24. g4 Qc7 25. Qd3 e5 26. fxe5 Qxe5 27. h3 Qb2 28. R1f2 Qxb4 29. g5 Qh4 30. Qf1 f5 31. Qg2 Qxa4 32. g6 h6 33. Rf4 Qb5 34. Kh2 Qd3 35. Qf3 d4 36. Rxd4 Qb3 37. Rfd2 Qe6 38. Rd6 1-0
EmilyNaranjo,"['Event ""Rated Blitz game""', 'Site ""https://lichess.org/7XRrOvIb""', 'Date ""2020.01.05""', 'White ""wilson_cezar""', 'Black ""EmilyNaranjo""', 'Result ""1-0""', 'UTCDate ""2020.01.05""', 'UTCTime ""16:52:11""', 'WhiteElo ""1868""', 'BlackElo ""1583""', 'WhiteRatingDiff ""+2""', 'BlackRatingDiff ""-3""', 'Variant ""Standard""', 'TimeControl ""300+0""', 'ECO ""B92""', 'Opening ""Sicilian Defense: Najdorf Variation, Opocensky Variation""', 'Termination ""Time forfeit""']",1. e4 c5 2. Nf3 d6 3. d4 cxd4 4. Nxd4 Nf6 5. Nc3 a6 6. Be2 e5 7. Nb3 Be6 8. Qd3 Be7 9. Qg3 Nbd7 10. Qxg7 Rg8 11. Qh6 Rxg2 12. Bg5 Ng4 13. Bxe7 Qxe7 14. Qh3 Rxf2 15. Bxg4 Bxg4 16. Qxg4 Rxc2 17. Nd5 Nf6 18. Qg3 Nxd5 19. exd5 O-O-O 20. O-O Kb8 21. Qe3 Rg8+ 22. Kh1 Rgg2 23. Qh3 Rxh2+ 24. Qxh2 Rxh2+ 25. Kxh2 Qh4+ 26. Kg1 Qg5+ 27. Kf2 f5 28. Ke2 Qg2+ 29. Ke1 f4 30. Rf2 Qg1+ 31. Ke2 Qxa1 32. Nxa1 h5 33. a3 Kc7 34. b3 Kb6 35. b4 Kb5 36. a4+ Kc4 37. Nc2 1-0
EmilyNaranjo,"['Event ""Rated Blitz game""', 'Site ""https://lichess.org/Kd7MhBmW""', 'Date ""2020.01.03""', 'White ""Arnhembest""', 'Black ""EmilyNaranjo""', 'Result ""1-0""', 'UTCDate ""2020.01.03""', 'UTCTime ""20:54:40""', 'WhiteElo ""1607""', 'BlackElo ""1590""', 'WhiteRatingDiff ""+6""', 'BlackRatingDiff ""-7""', 'Variant ""Standard""', 'TimeControl ""300+0""', 'ECO ""B20""', 'Opening ""Sicilian Defense: Bowdler Attack""', 'Termination ""Time forfeit""']",1. e4 c5 2. Bc4 d6 3. Nc3 a6 4. d3 b5 5. Bb3 e5 6. a3 Nf6 7. Nd5 Nc6 8. Bg5 Nd4 9. Nf3 Bg4 10. h3 Bxf3 11. gxf3 Be7 12. c3 Nxb3 13. Qxb3 Nxd5 14. Qxd5 Bxg5 15. h4 Bxh4 16. Rxh4 Qe7 17. Qxa8+ Kd7 18. Qb7+ Ke6 19. Qxe7+ Kxe7 20. O-O-O g5 21. Rh6 f6 22. Rdh1 1-0
EmilyNaranjo,"['Event ""Rated Blitz game""', 'Site ""https://lichess.org/LIr3ajPF""', 'Date ""2020.01.03""', 'White ""EmilyNaranjo""', 'Black ""shkreybo""', 'Result ""1-0""', 'UTCDate ""2020.01.03""', 'UTCTime ""20:47:18""', 'WhiteElo ""1583""', 'BlackElo ""1521""', 'WhiteRatingDiff ""+7""', 'BlackRatingDiff ""-5""', 'Variant ""Standard""', 'TimeControl ""300+0""', 'ECO ""D00""', 'Opening ""Queen\'s Pawn Game: Mason Variation""', 'Termination ""Normal""']",1. d4 d5 2. Bf4 Nf6 3. e3 Bf5 4. c4 e6 5. c5 b6 6. Qa4+ Qd7 7. Qxd7+ Kxd7 8. cxb6 cxb6 9. Bb5+ Nc6 10. Nf3 a6 11. Ne5+ Kd8 12. Nxc6+ Kc8 13. Ba4 b5 14. Bb3 Kd7 15. Ne5+ Kd8 16. Nc3 Bb4 17. Nxf7+ 1-0
EmilyNaranjo,"['Event ""Rated Blitz game""', 'Site ""https://lichess.org/Y0xym2Gf""', 'Date ""2020.01.03""', 'White ""okshorty""', 'Black ""EmilyNaranjo""', 'Result ""0-1""', 'UTCDate ""2020.01.03""', 'UTCTime ""20:38:02""', 'WhiteElo ""1567""', 'BlackElo ""1575""', 'WhiteRatingDiff ""-6""', 'BlackRatingDiff ""+8""', 'Variant ""Standard""', 'TimeControl ""300+0""', 'ECO ""A06""', 'Opening ""Zukertort Opening""', 'Termination ""Normal""']",1. Nf3 d5 2. e3 Nf6 3. c4 Bg4 4. cxd5 Qxd5 5. Be2 e5 6. Nc3 Qd6 7. O-O Nc6 8. Ng5 Bxe2 9. Qxe2 h6 10. Nge4 Nxe4 11. Nxe4 Qe6 12. b3 O-O-O 13. Nc5 Bxc5 14. a3 e4 15. b4 Bd6 16. h3 Qe5 17. Qg4+ f5 18. Qf4 Qxa1 19. Qxf5+ Kb8 20. Qxe4 Ne5 21. f4 Rhf8 22. d4 Nc4 23. Qd5 Nxa3 24. Bd2 Qb2 25. Bc1 Qxb4 26. Qf3 Nc4 27. g3 g5 28. e4 gxf4 29. gxf4 Nd2 30. Bxd2 Qxd2 31. Qh5 Rg8+ 32. Kh1 Qg2# 0-1
EmilyNaranjo,"['Event ""Rated Blitz game""', 'Site ""https://lichess.org/wA6NR7xx""', 'Date ""2020.01.03""', 'White ""mistral1990""', 'Black ""EmilyNaranjo""', 'Result ""0-1""', 'UTCDate ""2020.01.03""', 'UTCTime ""20:33:40""', 'WhiteElo ""1448""', 'BlackElo ""1569""', 'WhiteRatingDiff ""-4""', 'BlackRatingDiff ""+6""', 'Variant ""Standard""', 'TimeControl ""300+0""', 'ECO ""B20""', 'Opening ""Sicilian Defense: Staunton-Cochrane Variation""', 'Termination ""Normal""']",1. c4 c5 2. e4 b6 3. d4 cxd4 4. Qxd4 Nc6 5. Qc3 e5 6. f4 Bb4 7. Qxb4 Nxb4 8. Na3 exf4 9. Bxf4 Qh4+ 10. g3 Qe7 11. Bg2 Nd3+ 12. Kf1 Nxf4 13. gxf4 Ba6 14. e5 Rc8 15. Nf3 Nh6 16. h3 Nf5 17. Kf2 Qc5+ 18. Kf1 Ne3+ 19. Kg1 Ng4+ 20. Kf1 Qf2# 0-1
EmilyNaranjo,"['Event ""Rated Blitz game""', 'Site ""https://lichess.org/wJt2eaDS""', 'Date ""2020.01.03""', 'White ""Arben_Hoxha""', 'Black ""EmilyNaranjo""', 'Result ""0-1""', 'UTCDate ""2020.01.03""', 'UTCTime ""20:22:41""', 'WhiteElo ""1673""', 'BlackElo ""1557""', 'WhiteRatingDiff ""-9""', 'BlackRatingDiff ""+12""', 'Variant ""Standard""', 'TimeControl ""300+0""', 'ECO ""B50""', 'Opening ""Sicilian Defense: Delayed Alapin""', 'Termination ""Normal""']",1. e4 c5 2. Nf3 d6 3. c3 Nf6 4. d3 e5 5. h3 Be6 6. Be2 Nbd7 7. O-O d5 8. exd5 Bxd5 9. Bg5 Be7 10. Nbd2 Qb6 11. b3 Qa5 12. c4 Bc6 13. Bxf6 Bxf6 14. Ne4 Bxe4 15. dxe4 O-O-O 16. Qc2 Nb8 17. a3 Nc6 18. Rfd1 Rxd1+ 19. Bxd1 Rd8 20. Be2 Nd4 21. Nxd4 Rd7 22. Nf3 h6 23. Kh2 g5 24. b4 cxb4 25. axb4 Qxa1 26. c5 Rc7 27. b5 Qa5 28. Qc3 Qxc3 0-1
EmilyNaranjo,"['Event ""Torneo Fin de año 2019 Arena""', 'Site ""https://lichess.org/qgEGebUD""', 'Date ""2019.12.31""', 'White ""EmilyNaranjo""', 'Black ""AntonioLobo03""', 'Result ""0-1""', 'UTCDate ""2019.12.31""', 'UTCTime ""15:19:11""', 'WhiteElo ""1507""', 'BlackElo ""1985""', 'WhiteRatingDiff ""-4""', 'BlackRatingDiff ""+2""', 'Variant ""Standard""', 'TimeControl ""600+0""', 'ECO ""D00""', 'Opening ""Queen\'s Pawn Game: Mason Variation""', 'Termination ""Normal""']",1. d4 d5 2. Bf4 c6 3. e3 Nf6 4. Nd2 Bf5 5. c4 e6 6. c5 Be7 7. b4 Nbd7 8. a4 a6 9. b5 axb5 10. axb5 O-O 11. bxc6 bxc6 12. f3 Nh5 13. Bg3 Nxg3 14. hxg3 Bf6 15. Rxa8 Qxa8 16. g4 Bg6 17. Nh3 Qa2 18. g5 Bd8 19. Nf4 Ba5 20. Bd3 Bxd2+ 21. Qxd2 Qa1+ 22. Kf2 Qxh1 23. Nxg6 hxg6 24. Kg3 f5 25. gxf6 Nxf6 26. Bxg6 Nh5+ 27. Kf2 Qh4+ 28. Kg1 Ng3 29. Bd3 Rxf3 30. gxf3 Qh1+ 31. Kf2 Qh2+ 32. Ke1 Qg1+ 33. Bf1 Qxf1# 0-1
EmilyNaranjo,"['Event ""Torneo Fin de año 2019 Arena""', 'Site ""https://lichess.org/pPSRkPDp""', 'Date ""2019.12.31""', 'White ""EmilyNaranjo""', 'Black ""Oswaldo_YT""', 'Result ""1-0""', 'UTCDate ""2019.12.31""', 'UTCTime ""15:14:42""', 'WhiteElo ""1480""', 'BlackElo ""1360""', 'WhiteRatingDiff ""+27""', 'BlackRatingDiff ""-16""', 'Variant ""Standard""', 'TimeControl ""600+0""', 'ECO ""D00""', 'Opening ""Queen\'s Pawn Game: Mason Variation""', 'Termination ""Normal""']",1. d4 d5 2. Bf4 Bf5 3. e3 Nf6 4. c4 e6 5. Nd2 Bb4 6. a3 Ba5 7. Qa4+ Nc6 8. b4 Bb6 9. c5 Bxc5 10. bxc5 O-O 11. Qb5 b6 12. Qxc6 1-0
EmilyNaranjo,"['Event ""Torneo Fin de año 2019 Arena""', 'Site ""https://lichess.org/F5NAUTUC""', 'Date ""2019.12.31""', 'White ""sha23lizar""', 'Black ""EmilyNaranjo""', 'Result ""1-0""', 'UTCDate ""2019.12.31""', 'UTCTime ""15:03:11""', 'WhiteElo ""1870""', 'BlackElo ""1489""', 'WhiteRatingDiff ""+4""', 'BlackRatingDiff ""-9""', 'Variant ""Standard""', 'TimeControl ""600+0""', 'ECO ""A34""', 'Opening ""English Opening: Symmetrical Variation, Normal Variation""', 'Termination ""Normal""']",1. c4 c5 2. Nc3 b6 3. Nf3 Bb7 4. g3 Nf6 5. Bg2 e6 6. O-O d6 7. a3 Be7 8. Rb1 Nbd7 9. b4 cxb4 10. axb4 Rc8 11. d3 a6 12. Bb2 O-O 13. Nd2 Bxg2 14. Kxg2 d5 15. Qa4 dxc4 16. dxc4 Nb8 17. Rfd1 Qc7 18. Kg1 Qb7 19. Qb3 Nc6 20. Nce4 Nxe4 21. Nxe4 Nxb4 22. Qc3 Qxe4 23. Qxg7# 1-0
EmilyNaranjo,"['Event ""Torneo Fin de año 2019 Arena""', 'Site ""https://lichess.org/EGvnpvmF""', 'Date ""2019.12.31""', 'White ""EmilyNaranjo""', 'Black ""Reyner_Orsini""', 'Result ""0-1""', 'UTCDate ""2019.12.31""', 'UTCTime ""15:00:39""', 'WhiteElo ""1533""', 'BlackElo ""1529""', 'WhiteRatingDiff ""-44""', 'BlackRatingDiff ""+14""', 'Variant ""Standard""', 'TimeControl ""600+0""', 'ECO ""?""', 'Opening ""?""', 'Termination ""Abandoned""']",0-1
EmilyNaranjo,"['Event ""Torneo Fin de año 2019 Arena""', 'Site ""https://lichess.org/tivO2Zts""', 'Date ""2019.12.31""', 'White ""Reyner_Orsini""', 'Black ""EmilyNaranjo""', 'Result ""1-0""', 'UTCDate ""2019.12.31""', 'UTCTime ""14:58:51""', 'WhiteElo ""1511""', 'BlackElo ""1594""', 'WhiteRatingDiff ""+18""', 'BlackRatingDiff ""-61""', 'Variant ""Standard""', 'TimeControl ""600+0""', 'ECO ""B00""', 'Opening ""King\'s Pawn""', 'Termination ""Abandoned""']",1. e4 1-0
EmilyNaranjo,"['Event ""Torneo Fin de año 2019 Arena""', 'Site ""https://lichess.org/pVj1718o""', 'Date ""2019.12.31""', 'White ""EmilyNaranjo""', 'Black ""ponnapalli""', 'Result ""0-1""', 'UTCDate ""2019.12.31""', 'UTCTime ""14:44:16""', 'WhiteElo ""1619""', 'BlackElo ""1844""', 'WhiteRatingDiff ""-25""', 'BlackRatingDiff ""+3""', 'Variant ""Standard""', 'TimeControl ""600+0""', 'ECO ""D00""', 'Opening ""Queen\'s Pawn Game: Mason Variation""', 'Termination ""Time forfeit""']",1. d4 d5 2. Bf4 Nf6 3. e3 Bg4 4. f3 Bf5 5. g4 Bg6 6. h4 h6 7. h5 Bh7 8. c4 e6 9. Qb3 b6 10. Nd2 Nbd7 11. Ne2 c5 12. Qb5 Rc8 13. Nb3 Bd3 14. Nc3 Bxf1 15. Rxf1 cxd4 16. Nxd4 Rxc4 17. Rc1 Be7 18. Kd2 O-O 19. Nc6 Rxc6 0-1
EmilyNaranjo,"['Event ""Torneo Fin de año 2019 Arena""', 'Site ""https://lichess.org/c7k4sKxA""', 'Date ""2019.12.31""', 'White ""EmilyNaranjo""', 'Black ""Pokitico""', 'Result ""0-1""', 'UTCDate ""2019.12.31""', 'UTCTime ""14:41:25""', 'WhiteElo ""1632""', 'BlackElo ""2040""', 'WhiteRatingDiff ""-13""', 'BlackRatingDiff ""+20""', 'Variant ""Standard""', 'TimeControl ""600+0""', 'ECO ""?""', 'Opening ""?""', 'Termination ""Abandoned""']",0-1
EmilyNaranjo,"['Event ""Torneo Fin de año 2019 Arena""', 'Site ""https://lichess.org/wQGjrFrS""', 'Date ""2019.12.31""', 'White ""EdgarGimenez""', 'Black ""EmilyNaranjo""', 'Result ""0-1""', 'UTCDate ""2019.12.31""', 'UTCTime ""14:36:37""', 'WhiteElo ""1958""', 'BlackElo ""1499""', 'WhiteRatingDiff ""-38""', 'BlackRatingDiff ""+133""', 'Variant ""Standard""', 'TimeControl ""600+0""', 'ECO ""?""', 'Opening ""?""', 'Termination ""Abandoned""']",0-1
EmilyNaranjo,"['Event ""Torneo Fin de año 2019 Arena""', 'Site ""https://lichess.org/vERxPO2H""', 'Date ""2019.12.31""', 'White ""EdgarGimenez""', 'Black ""EmilyNaranjo""', 'Result ""1-0""', 'UTCDate ""2019.12.31""', 'UTCTime ""14:13:44""', 'WhiteElo ""1954""', 'BlackElo ""1511""', 'WhiteRatingDiff ""+4""', 'BlackRatingDiff ""-12""', 'Variant ""Standard""', 'TimeControl ""600+0""', 'ECO ""B90""', 'Opening ""Sicilian Defense: Najdorf Variation, English Attack""', 'Termination ""Time forfeit""']",1. e4 c5 2. Nf3 d6 3. d4 cxd4 4. Nxd4 Nf6 5. Nc3 a6 6. Be3 e5 7. Nb3 Be6 8. f3 b5 9. Qd2 Nbd7 10. O-O-O Be7 11. g4 Nb6 12. Kb1 Qc7 13. h4 Nfd7 14. Nd5 Bxd5 15. exd5 Nc4 16. Bxc4 bxc4 17. Na5 c3 18. Qxc3 Qxc3 19. bxc3 Rb8+ 20. Ka1 Rb5 21. Nc6 Nf6 22. c4 Rb7 23. Rb1 Rd7 24. Rb8+ Bd8 25. Bb6 O-O 26. Nxd8 e4 27. g5 Nh5 28. fxe4 Ng3 29. Rb1 Nxe4 30. Nc6 Nd2 31. Rxf8+ Kxf8 32. Rb4 f6 33. Be3 Nf1 34. Bd4 Kf7 35. gxf6 gxf6 36. h5 Nd2 37. Nb8 Re7 38. Nxa6 f5 39. c5 dxc5 40. Bxc5 Re1+ 41. Kb2 Ne4 42. Bd4 Nd6 43. Nc5 f4 44. Rb3 Nc4+ 45. Kc3 Nd6 46. Ne6 f3 47. Ng5+ Ke7 48. Nxf3 Ne4+ 49. Kd3 Nd6 50. Nxe1 1-0
EmilyNaranjo,"['Event ""Torneo Fin de año 2019 Arena""', 'Site ""https://lichess.org/awoo9nAW""', 'Date ""2019.12.31""', 'White ""EmilyNaranjo""', 'Black ""Ricardo_chacon""', 'Result ""1-0""', 'UTCDate ""2019.12.31""', 'UTCTime ""14:07:57""', 'WhiteElo ""1464""', 'BlackElo ""1335""', 'WhiteRatingDiff ""+47""', 'BlackRatingDiff ""-81""', 'Variant ""Standard""', 'TimeControl ""600+0""', 'ECO ""A40""', 'Opening ""Englund Gambit""', 'Termination ""Normal""']",1. d4 e5 2. c3 a5 3. dxe5 a4 4. Bf4 a3 5. bxa3 Ra7 6. e4 Ra8 7. Bc4 Ra7 8. Qd5 Ra8 9. Qxf7# 1-0
EmilyNaranjo,"['Event ""Torneo Fin de año 2019 Arena""', 'Site ""https://lichess.org/VTSwI6rf""', 'Date ""2019.12.31""', 'White ""EmilyNaranjo""', 'Black ""MajorTom20""', 'Result ""0-1""', 'UTCDate ""2019.12.31""', 'UTCTime ""14:02:16""', 'WhiteElo ""1500""', 'BlackElo ""1573""', 'WhiteRatingDiff ""-81""', 'BlackRatingDiff ""+5""', 'Variant ""Standard""', 'TimeControl ""600+0""', 'ECO ""?""', 'Opening ""?""', 'Termination ""Abandoned""']",0-1
EmilyNaranjo,"['Event ""Rated Rapid game""', 'Site ""https://lichess.org/jYNcxuPl""', 'Date ""2019.12.31""', 'White ""aidimale""', 'Black ""EmilyNaranjo""', 'Result ""1-0""', 'UTCDate ""2019.12.31""', 'UTCTime ""01:01:34""', 'WhiteElo ""1662""', 'BlackElo ""1663""', 'WhiteRatingDiff ""+5""', 'BlackRatingDiff ""-118""', 'Variant ""Standard""', 'TimeControl ""600+0""', 'ECO ""A35""', 'Opening ""English Opening: Symmetrical Variation, Two Knights Variation""', 'Termination ""Time forfeit""']",1. c4 c5 2. Nc3 Nc6 3. Nf3 b6 4. d4 cxd4 5. Nxd4 Nxd4 6. Qxd4 d6 7. h4 e5 8. Qd1 Bb7 9. e4 Be7 10. h5 h6 11. Nd5 Bxd5 12. exd5 Rc8 13. Bd3 Bg5 14. b3 Qf6 15. Bxg5 hxg5 16. Rc1 g6 17. g4 Nh6 18. hxg6 fxg6 19. Qc2 Kf7 20. Qe2 Qf4 21. Kd1 Nxg4 22. Rxh8 Rxh8 23. Kc2 Rh2 24. Kb1 Rxf2 25. Qd1 Qd4 26. Rc2 Rxc2 27. Qxc2 Ne3 28. Bxg6+ Kg7 29. Qe4 Qd1+ 30. Kb2 Qd2+ 31. Ka3 Qa5+ 32. Kb2 Qd2+ 33. Ka3 b5 34. Qd3 b4+ 35. Ka4 Qxa2+ 36. Kxb4 a5+ 37. Kb5 Nc2 38. Qxc2 Qa3 39. Kc6 Qc5+ 40. Kd7 Qb6 41. Bh5 Qb7+ 42. Ke6 Qc8+ 43. Ke7 Qc7+ 44. Ke8 Qc8+ 45. Ke7 Qc7+ 46. Ke6 Kg8 47. Qg6+ 1-0
EmilyNaranjo,"['Event ""Rated Rapid game""', 'Site ""https://lichess.org/mo4XjiDt""', 'Date ""2019.12.31""', 'White ""EmilyNaranjo""', 'Black ""A2KC""', 'Result ""1-0""', 'UTCDate ""2019.12.31""', 'UTCTime ""00:51:38""', 'WhiteElo ""1500""', 'BlackElo ""1452""', 'WhiteRatingDiff ""+163""', 'BlackRatingDiff ""-4""', 'Variant ""Standard""', 'TimeControl ""600+0""', 'ECO ""D00""', 'Opening ""Queen\'s Pawn Game: Mason Variation""', 'Termination ""Normal""']",1. d4 d5 2. Bf4 Nc6 3. e3 Nf6 4. Nd2 Bf5 5. c4 e6 6. Qb3 b6 7. Rc1 Nb4 8. a3 Na6 9. Qb5+ Qd7 10. Qxa6 Qc6 11. Ngf3 Be7 12. Ne5 Qd6 13. Qb5+ Nd7 14. c5 c6 15. Nxc6 Qxc6 16. Qxc6 O-O 17. Qxd7 bxc5 18. dxc5 Bxc5 19. Rxc5 Rad8 20. Qxa7 Rfe8 21. Bb5 Rf8 22. O-O Rb8 23. Bxb8 1-0
EmilyNaranjo,"['Event ""Casual Blitz game""', 'Site ""https://lichess.org/b6yM0n1Z""', 'Date ""2019.12.30""', 'White ""EmilyNaranjo""', 'Black ""larreal""', 'Result ""0-1""', 'UTCDate ""2019.12.30""', 'UTCTime ""19:37:54""', 'WhiteElo ""1557""', 'BlackElo ""1642""', 'Variant ""Standard""', 'TimeControl ""180+2""', 'ECO ""A45""', 'Opening ""Indian Defense""', 'Termination ""Normal""']",1. d4 Nf6 2. Bf4 c5 3. e3 cxd4 4. exd4 Qb6 5. Nf3 Qxb2 6. c3 Qxa1 7. Qb3 Nc6 8. Bb5 a6 9. Bxc6 bxc6 10. O-O Nd5 11. Ne5 e6 12. Nc4 Nxf4 13. Nd6+ Bxd6 14. Nd2 Ne2+ 15. Kh1 Qxc3 16. Ne4 Qxb3 17. Nxd6+ Ke7 18. Nxc8+ Raxc8 19. axb3 Nxd4 20. g3 c5 21. Ra1 Ra8 22. Rb1 Rhb8 23. Kg2 c4 24. b4 d5 25. f4 a5 26. Rd1 Nc6 27. bxa5 Rxa5 28. Kf3 Rb3+ 29. Kg4 c3 30. h4 Ra2 31. f5 c2 32. Rc1 Rb1 33. f6+ gxf6 34. Rxc2 Rxc2 35. Kh5 Rc4 36. g4 Rg1 37. g5 fxg5 38. hxg5 Rh1# 0-1
EmilyNaranjo,"['Event ""≤1700 SuperBlitz Arena""', 'Site ""https://lichess.org/48hheOXA""', 'Date ""2019.12.30""', 'White ""StrugglingBlitz""', 'Black ""EmilyNaranjo""', 'Result ""1-0""', 'UTCDate ""2019.12.30""', 'UTCTime ""14:42:44""', 'WhiteElo ""1592""', 'BlackElo ""1565""', 'WhiteRatingDiff ""+16""', 'BlackRatingDiff ""-8""', 'Variant ""Standard""', 'TimeControl ""180+0""', 'ECO ""E60""', 'Opening ""Indian Defense: West Indian Defense""', 'Termination ""Time forfeit""']",1. d4 Nf6 2. c4 g6 3. Bg5 Bg7 4. Nf3 d6 5. h3 O-O 6. Nc3 Nbd7 7. Qc2 e5 8. dxe5 dxe5 9. Rd1 Qe7 10. e3 Nc5 11. Bh4 Bf5 12. Qc1 Rad8 13. Rxd8 Rxd8 14. Be2 Nd3+ 15. Bxd3 Bxd3 16. Bg3 e4 17. Nd4 c5 18. Nb3 Bxc4 19. Nd2 Bxa2 20. Nxa2 Qd7 21. Nc4 Nh5 22. Be5 Bxe5 23. Nxe5 Qa4 24. Nc3 Qb4 25. O-O 1-0
EmilyNaranjo,"['Event ""≤1700 SuperBlitz Arena""', 'Site ""https://lichess.org/CGhe72tM""', 'Date ""2019.12.30""', 'White ""Zinchuc""', 'Black ""EmilyNaranjo""', 'Result ""0-1""', 'UTCDate ""2019.12.30""', 'UTCTime ""14:37:16""', 'WhiteElo ""1123""', 'BlackElo ""1564""', 'WhiteRatingDiff ""-1""', 'BlackRatingDiff ""+1""', 'Variant ""Standard""', 'TimeControl ""180+0""', 'ECO ""A45""', 'Opening ""Indian Defense""', 'Termination ""Normal""']",1. d4 Nf6 2. Nc3 g6 3. Bg5 Bg7 4. Nf3 d6 5. h4 h6 6. Bf4 O-O 7. g4 Nxg4 8. Ne4 d5 9. Neg5 hxg5 10. hxg5 Bf5 11. Bh3 Qd7 12. Ne5 Nxe5 13. Bxe5 Bxh3 14. Rxh3 Qxh3 15. Kd2 Bxe5 16. dxe5 Nc6 17. Qh1 Qxh1 18. Rxh1 Nxe5 19. f4 Ng4 20. Kd3 Nf2+ 21. Kd4 Nxh1 22. Kxd5 Rad8+ 23. Ke5 Nf2 24. f5 f6+ 25. gxf6 exf6+ 26. Kf4 Rd4+ 27. e4 Rxe4+ 28. Kf3 Rfe8 29. Kxf2 Re2+ 30. Kg3 g5 31. Kg4 Kg7 32. Kh5 R8e4 33. c4 Rh2# 0-1
EmilyNaranjo,"['Event ""≤1700 SuperBlitz Arena""', 'Site ""https://lichess.org/FvdDrPc6""', 'Date ""2019.12.30""', 'White ""EmilyNaranjo""', 'Black ""Erdopodo""', 'Result ""0-1""', 'UTCDate ""2019.12.30""', 'UTCTime ""14:34:12""', 'WhiteElo ""1573""', 'BlackElo ""1546""', 'WhiteRatingDiff ""-9""', 'BlackRatingDiff ""+7""', 'Variant ""Standard""', 'TimeControl ""180+0""', 'ECO ""D00""', 'Opening ""Queen\'s Pawn Game: Mason Variation""', 'Termination ""Normal""']",1. d4 d5 2. Bf4 c6 3. e3 Nf6 4. Nf3 Bg4 5. Be2 e6 6. Ne5 Bxe2 7. Qxe2 Nbd7 8. O-O Bd6 9. c4 O-O 10. Nc3 Bc7 11. Nxd7 Qxd7 12. Bxc7 Qxc7 13. c5 e5 14. Rad1 e4 15. f3 exf3 16. Rxf3 Rae8 17. Rdf1 Ng4 18. h3 Qh2# 0-1
EmilyNaranjo,"['Event ""Rated Blitz game""', 'Site ""https://lichess.org/YNMWa7KS""', 'Date ""2019.12.29""', 'White ""EmilyNaranjo""', 'Black ""Ellupo""', 'Result ""1-0""', 'UTCDate ""2019.12.29""', 'UTCTime ""13:37:31""', 'WhiteElo ""1564""', 'BlackElo ""1549""', 'WhiteRatingDiff ""+9""', 'BlackRatingDiff ""-6""', 'Variant ""Standard""', 'TimeControl ""300+0""', 'ECO ""A45""', 'Opening ""Indian Defense""', 'Termination ""Normal""']",1. d4 Nf6 2. Bf4 Nc6 3. e3 d6 4. c3 e5 5. dxe5 dxe5 6. Qxd8+ Kxd8 7. Bg3 Nh5 8. Nd2 Nxg3 9. hxg3 Be6 10. Bc4 Bxc4 11. Nxc4 b5 12. O-O-O+ Kc8 13. Na3 Bxa3 14. bxa3 Na5 15. Rh5 f6 16. f4 g6 17. Rh4 e4 18. Rd4 Re8 19. Rxh7 Nc4 20. Rdd7 Nb6 21. Rxc7+ Kd8 22. Ne2 f5 23. Nd4 Rc8 24. Nc6# 1-0
EmilyNaranjo,"['Event ""Rated Blitz game""', 'Site ""https://lichess.org/uq9njA9p""', 'Date ""2019.12.29""', 'White ""Machin30""', 'Black ""EmilyNaranjo""', 'Result ""0-1""', 'UTCDate ""2019.12.29""', 'UTCTime ""13:27:31""', 'WhiteElo ""1574""', 'BlackElo ""1554""', 'WhiteRatingDiff ""-7""', 'BlackRatingDiff ""+10""', 'Variant ""Standard""', 'TimeControl ""300+0""', 'ECO ""B50""', 'Opening ""Sicilian Defense: Modern Variations""', 'Termination ""Normal""']",1. e4 c5 2. Nf3 d6 3. Bc4 a6 4. a3 b5 5. Bd5 Ra7 6. Ng5 e6 7. Nxf7 Rxf7 8. Ba2 Qf6 9. Qe2 Ne7 10. d3 Nbc6 11. Nd2 Nd4 12. Qf1 Nxc2+ 13. Kd1 d5 14. Kxc2 d4 15. f3 Nc6 16. b3 b4 17. a4 e5 18. Nc4 Be6 19. h3 Bxc4 20. bxc4 Bd6 21. Bb3 Na5 22. g4 Nxb3 23. Kxb3 Qxf3 24. Qxf3 Rxf3 25. Kc2 O-O 26. Bd2 Rf2 27. Rae1 b3+ 28. Kc1 b2+ 29. Kxb2 Rxd2+ 30. Kb3 Rb8+ 31. Ka3 Rxd3+ 32. Ka2 Rd2+ 33. Ka3 Rdb2 34. a5 R8b3+ 35. Ka4 Rb4+ 36. Ka3 R2b3+ 37. Ka2 Rb2+ 38. Ka1 Rb8 39. Rb1 Rxb1+ 40. Rxb1 Rxb1+ 41. Kxb1 Kf7 42. Kc2 Kf6 43. Kd2 Kg5 44. Ke2 Kf4 45. Kf2 Bc7 46. h4 Bxa5 47. g5 g6 48. h5 Kxe4 49. hxg6 hxg6 50. Ke2 Kf5 51. Kf3 Kxg5 52. Ke4 Bc7 53. Kd5 d3 54. Kxc5 d2 55. Kc6 d1=Q 56. Kxc7 Qd4 57. c5 a5 58. c6 a4 59. Kb7 a3 60. c7 Qb4+ 61. Kc8 a2 62. Kd8 Qd6+ 63. Kc8 a1=Q 64. Kb7 Qxc7+ 65. Kxc7 Qb2 66. Kc6 Kf6 67. Kd6 Qd2+ 68. Kc5 Ke6 69. Kc4 Qc2+ 70. Kb5 Kd6 71. Kb4 Kd5 72. Ka5 Qb3 73. Ka6 Kc6 74. Ka7 Kc7 75. Ka6 Qb6# 0-1
EmilyNaranjo,"['Event ""Rated Blitz game""', 'Site ""https://lichess.org/4rJfMMkS""', 'Date ""2019.12.28""', 'White ""MowafyPH""', 'Black ""EmilyNaranjo""', 'Result ""1-0""', 'UTCDate ""2019.12.28""', 'UTCTime ""01:19:23""', 'WhiteElo ""1641""', 'BlackElo ""1561""', 'WhiteRatingDiff ""+5""', 'BlackRatingDiff ""-7""', 'Variant ""Standard""', 'TimeControl ""180+2""', 'ECO ""E61""', 'Opening ""King\'s Indian Defense""', 'Termination ""Normal""']",1. d4 Nf6 2. c4 g6 3. Nc3 Bg7 4. Nf3 d6 5. Bf4 O-O 6. e3 Nbd7 7. Bd3 e5 8. dxe5 dxe5 9. Nxe5 Nxe5 10. Bxe5 Ng4 11. Bxg7 Kxg7 12. O-O Ne5 13. Bc2 Qg5 14. f4 Qh5 15. Qxh5 gxh5 16. fxe5 f6 17. exf6+ Rxf6 18. Rxf6 Kxf6 19. Nd5+ Kg7 20. Nxc7 Rb8 21. Bd1 Bf5 22. Bxh5 Rc8 23. Nd5 Rxc4 24. Ne7 Be6 25. Bf3 Rc7 26. Nd5 Bxd5 27. Bxd5 b6 28. Kf2 Rc2+ 29. Kg3 Rxb2 30. Rf1 Rb5 31. Bb3 Rg5+ 32. Kf2 Rf5+ 33. Kg1 1-0
EmilyNaranjo,"['Event ""Rated Blitz game""', 'Site ""https://lichess.org/GVzMX6sb""', 'Date ""2019.12.28""', 'White ""EmilyNaranjo""', 'Black ""rus15lan""', 'Result ""0-1""', 'UTCDate ""2019.12.28""', 'UTCTime ""01:06:13""', 'WhiteElo ""1571""', 'BlackElo ""1580""', 'WhiteRatingDiff ""-10""', 'BlackRatingDiff ""+7""', 'Variant ""Standard""', 'TimeControl ""180+2""', 'ECO ""A41""', 'Opening ""Queen\'s Pawn Game""', 'Termination ""Time forfeit""']",1. d4 d6 2. Bf4 g6 3. e3 Bg7 4. c3 Nf6 5. Nd2 O-O 6. Be2 Nd5 7. Bg3 c5 8. c4 Nb6 9. Ngf3 cxd4 10. exd4 Nc6 11. O-O Nxd4 12. Nxd4 Bxd4 13. Rb1 Bf5 14. Nf3 Bxb1 15. Qxd4 Bf5 16. Nh4 e5 17. Qc3 Be6 18. b4 Rc8 19. Rc1 Bxc4 20. Bxc4 Rxc4 21. Qe3 Rxh4 22. Bxh4 Qxh4 23. a3 Nd5 24. Qf3 Nf6 25. g3 Qg4 26. Qxf6 Qd4 27. Qe7 d5 28. Qxb7 e4 0-1
EmilyNaranjo,"['Event ""Rated Blitz game""', 'Site ""https://lichess.org/bOq9UjIK""', 'Date ""2019.12.28""', 'White ""EmilyNaranjo""', 'Black ""skyelloko""', 'Result ""0-1""', 'UTCDate ""2019.12.28""', 'UTCTime ""00:43:11""', 'WhiteElo ""1579""', 'BlackElo ""1610""', 'WhiteRatingDiff ""-8""', 'BlackRatingDiff ""+6""', 'Variant ""Standard""', 'TimeControl ""180+2""', 'ECO ""B23""', 'Opening ""Sicilian Defense: Closed""', 'Termination ""Time forfeit""']",1. e4 c5 2. Nc3 d6 3. f4 Nc6 4. Nf3 e6 5. d4 cxd4 6. Nxd4 Qd7 7. Bb5 a6 8. Nxc6 bxc6 9. Bd3 g6 10. O-O Bg7 11. Be3 Ne7 12. Rf3 O-O 13. Rh3 e5 14. fxe5 Bxe5 15. Bh6 Bg7 16. Bxg7 Kxg7 17. Kh1 d5 18. exd5 Nxd5 19. Nxd5 Qxd5 20. c4 Qe5 21. Qe2 Qxe2 22. Bxe2 Bxh3 23. gxh3 Rfe8 24. Bf3 Re6 25. Kg2 Rd6 26. Kg3 Rad8 27. a3 Rd3 28. Re1 Rb3 29. Re2 Rdd3 30. Rf2 c5 31. Kg2 f5 32. Be2 Rxh3 33. Bf3 Rh4 34. h3 Rd4 35. Bd5 Kf6 36. Re2 h6 37. Re6+ Kg5 38. Re2 Kf4 39. Rc2 h5 40. h4 Kg4 41. Rf2 Kxh4 42. Kg1 Rbd3 43. Rh2+ Kg5 44. Rg2+ Kf6 45. Re2 Rd1+ 46. Kf2 R1d2 47. Ke3 Rxe2+ 48. Kxe2 h4 0-1
EmilyNaranjo,"['Event ""Rated Blitz game""', 'Site ""https://lichess.org/uN9l2nTk""', 'Date ""2019.12.26""', 'White ""nafizz""', 'Black ""EmilyNaranjo""', 'Result ""1-0""', 'UTCDate ""2019.12.26""', 'UTCTime ""21:12:43""', 'WhiteElo ""1670""', 'BlackElo ""1587""', 'WhiteRatingDiff ""+5""', 'BlackRatingDiff ""-8""', 'Variant ""Standard""', 'TimeControl ""180+2""', 'ECO ""B20""', 'Opening ""Sicilian Defense""', 'Termination ""Time forfeit""']",1. e4 c5 2. Qf3 d6 3. d3 Nf6 4. h3 Nc6 5. Be3 Qb6 6. Bc1 Nd4 7. Qd1 g6 8. c3 Nc6 9. Be2 Bg7 10. Na3 O-O 11. Nc4 1-0
EmilyNaranjo,"['Event ""Rated Blitz game""', 'Site ""https://lichess.org/NJ3CqGiT""', 'Date ""2019.12.26""', 'White ""EmilyNaranjo""', 'Black ""vis_pto""', 'Result ""1-0""', 'UTCDate ""2019.12.26""', 'UTCTime ""21:11:03""', 'WhiteElo ""1578""', 'BlackElo ""1515""', 'WhiteRatingDiff ""+9""', 'BlackRatingDiff ""-5""', 'Variant ""Standard""', 'TimeControl ""180+2""', 'ECO ""D00""', 'Opening ""Queen\'s Pawn Game: Mason Variation""', 'Termination ""Normal""']",1. d4 d5 2. Bf4 e6 3. e3 Nf6 4. Nf3 h6 5. Bd3 Ne4 6. Nbd2 Nd7 7. Bxe4 dxe4 8. Nxe4 Nf6 9. Nxf6+ Qxf6 10. Bxc7 1-0
EmilyNaranjo,"['Event ""Rated Blitz game""', 'Site ""https://lichess.org/uUnm3itD""', 'Date ""2019.12.26""', 'White ""DonaldJTrump69""', 'Black ""EmilyNaranjo""', 'Result ""0-1""', 'UTCDate ""2019.12.26""', 'UTCTime ""21:05:53""', 'WhiteElo ""1437""', 'BlackElo ""1571""', 'WhiteRatingDiff ""-4""', 'BlackRatingDiff ""+7""', 'Variant ""Standard""', 'TimeControl ""180+2""', 'ECO ""B20""', 'Opening ""Sicilian Defense: Staunton-Cochrane Variation""', 'Termination ""Normal""']",1. e4 c5 2. c4 d6 3. Nf3 Nc6 4. a3 Bg4 5. b3 Bxf3 6. Qxf3 Nd4 7. Qd3 Qb6 8. b4 cxb4 9. axb4 e5 10. Ba3 Nf6 11. Nc3 Be7 12. Rb1 O-O 13. c5 dxc5 14. bxc5 Qa5 15. Nd5 Nxd5 16. exd5 Bxc5 17. Bxc5 Qxc5 18. g3 Rac8 19. f4 e4 20. Qxe4 Rfe8 21. d3 Rxe4+ 22. dxe4 Qc3+ 23. Kf2 Qf3+ 24. Kg1 Rc2 25. Rxb7 Qf2# 0-1
EmilyNaranjo,"['Event ""Rated Blitz game""', 'Site ""https://lichess.org/G0nd7nRW""', 'Date ""2019.12.26""', 'White ""jhehfdbgtb""', 'Black ""EmilyNaranjo""', 'Result ""1-0""', 'UTCDate ""2019.12.26""', 'UTCTime ""13:23:54""', 'WhiteElo ""1605""', 'BlackElo ""1581""', 'WhiteRatingDiff ""+6""', 'BlackRatingDiff ""-10""', 'Variant ""Standard""', 'TimeControl ""180+2""', 'ECO ""E61""', 'Opening ""King\'s Indian Defense""', 'Termination ""Normal""']",1. d4 Nf6 2. c4 g6 3. Nc3 Bg7 4. Bf4 d6 5. Nf3 Nh5 6. Bg3 Nxg3 7. hxg3 Bf5 8. e3 O-O 9. Ng5 h6 10. e4 hxg5 11. exf5 gxf5 12. Qh5 f6 13. Bd3 Qd7 14. Qg6 e6 15. d5 Re8 16. dxe6 Rxe6+ 17. Kd2 Re5 18. Rh7 Nc6 19. Rah1 Rae8 20. Rh8# 1-0
EmilyNaranjo,"['Event ""Rated Bullet game""', 'Site ""https://lichess.org/oZBn6PN4""', 'Date ""2019.12.26""', 'White ""ProudPessimist""', 'Black ""EmilyNaranjo""', 'Result ""1-0""', 'UTCDate ""2019.12.26""', 'UTCTime ""13:15:38""', 'WhiteElo ""1685""', 'BlackElo ""1679""', 'WhiteRatingDiff ""+6""', 'BlackRatingDiff ""-69""', 'Variant ""Standard""', 'TimeControl ""120+1""', 'ECO ""B50""', 'Opening ""Sicilian Defense: Modern Variations""', 'Termination ""Time forfeit""']",1. e4 c5 2. Nf3 d6 3. Bc4 Nf6 4. Nc3 a6 5. O-O b5 6. Be2 Bg4 7. d3 Nc6 8. h3 Bxf3 9. Bxf3 Nd4 10. Be3 Nxf3+ 11. Qxf3 e6 12. Bg5 Be7 13. Ne2 O-O 14. c3 d5 15. e5 Nd7 16. Bxe7 Qxe7 17. d4 cxd4 18. cxd4 Qb4 19. Qc3 Qe7 20. Rfc1 Rfc8 21. Qd2 Nb6 22. b3 Qa3 23. f4 g6 24. Kf2 Kg7 25. Ng1 Qe7 26. Nf3 f5 27. Ne1 Qh4+ 28. Kg1 Kh6 29. Nd3 Qg3 30. Nc5 Rg8 31. Rc3 Qh4 32. Nxe6 Rae8 33. Ng5 Rc8 34. Rac1 1-0
EmilyNaranjo,"['Event ""Rated Bullet game""', 'Site ""https://lichess.org/ryvG0vU2""', 'Date ""2019.12.26""', 'White ""EmilyNaranjo""', 'Black ""ivan62""', 'Result ""0-1""', 'UTCDate ""2019.12.26""', 'UTCTime ""13:11:02""', 'WhiteElo ""1774""', 'BlackElo ""1750""', 'WhiteRatingDiff ""-95""', 'BlackRatingDiff ""+6""', 'Variant ""Standard""', 'TimeControl ""120+1""', 'ECO ""A45""', 'Opening ""Indian Defense""', 'Termination ""Normal""']",1. d4 Nf6 2. Bf4 d5 3. e3 Bf5 4. c3 c5 5. Nd2 e6 6. Qb3 Qb6 7. Bb5+ Nc6 8. Bxc6+ bxc6 9. Ngf3 cxd4 10. Nxd4 Bg6 11. Qxb6 axb6 12. Nxc6 Bc5 13. Nb3 O-O 14. Nxc5 bxc5 15. Ne7+ Kh8 16. Nxg6+ hxg6 17. Bd6 Rfc8 18. Be7 c4 19. Bxf6 gxf6 20. Ke2 Rcb8 21. h4 Rxb2+ 22. Kf3 Raxa2 23. Rxa2 Rxa2 24. Rb1 Rc2 25. Rb7 Kg7 26. h5 gxh5 27. Kf4 Rxf2+ 28. Kg3 Rc2 29. Kf3 Rxc3 30. g4 hxg4+ 31. Kxg4 Rxe3 32. Kh5 Re4 33. Re7 c3 34. Rxe6 Rxe6 35. Kg4 c2 36. Kh5 c1=Q 37. Kh4 Qf4+ 38. Kh5 Re5# 0-1
EmilyNaranjo,"['Event ""Rated Bullet game""', 'Site ""https://lichess.org/0CpaolX5""', 'Date ""2019.12.26""', 'White ""EmilyNaranjo""', 'Black ""KXimines""', 'Result ""1-0""', 'UTCDate ""2019.12.26""', 'UTCTime ""13:08:13""', 'WhiteElo ""1647""', 'BlackElo ""1661""', 'WhiteRatingDiff ""+127""', 'BlackRatingDiff ""-5""', 'Variant ""Standard""', 'TimeControl ""120+1""', 'ECO ""A45""', 'Opening ""Indian Defense""', 'Termination ""Normal""']",1. d4 Nf6 2. Bf4 e6 3. e3 d5 4. Nf3 c5 5. c3 c4 6. Nbd2 Bd6 7. Bg3 Ne4 8. Nxe4 dxe4 9. Nd2 f5 10. Bxd6 Qxd6 11. Nxc4 Qd5 12. Ne5 Nd7 13. Bc4 Qd6 14. Nxd7 Bxd7 15. Qb3 b6 16. O-O-O O-O 17. d5 e5 18. Bb5 Bxb5 19. Qxb5 a6 20. Qc6 Qxc6 21. dxc6 Rac8 22. Rd6 Rf6 23. Rhd1 Rxd6 24. Rxd6 Kf7 25. Rd7+ Kf8 26. c7 Ke8 27. Rxg7 1-0
EmilyNaranjo,"['Event ""Rated Bullet game""', 'Site ""https://lichess.org/qO9GJTfq""', 'Date ""2019.12.26""', 'White ""ronak27""', 'Black ""EmilyNaranjo""', 'Result ""0-1""', 'UTCDate ""2019.12.26""', 'UTCTime ""13:02:49""', 'WhiteElo ""1429""', 'BlackElo ""1500""', 'WhiteRatingDiff ""-4""', 'BlackRatingDiff ""+147""', 'Variant ""Standard""', 'TimeControl ""120+1""', 'ECO ""C42""', 'Opening ""Russian Game: Three Knights Game""', 'Termination ""Time forfeit""']",1. e4 e5 2. Nc3 Nf6 3. Nf3 Bc5 4. Nxe5 d6 5. Nd3 Bb6 6. Be2 O-O 7. O-O Be6 8. e5 dxe5 9. Nxe5 Qd6 10. Nf3 Nc6 11. d3 Nd4 12. Nxd4 Bxd4 13. Ne4 Qb6 14. Nxf6+ Bxf6 15. c3 Rad8 16. d4 Bd5 17. Be3 Qxb2 18. Qe1 Bxa2 19. d5 Bxd5 20. Bxa7 Qxc3 21. Qxc3 Bxc3 22. Rac1 Ba5 23. Rc5 Bb4 24. Rxc7 Rfe8 25. Bb5 Bd6 26. Rcc1 Re7 27. Bb6 Rf8 28. h3 h6 29. Rfd1 Re5 30. Bd4 Rg5 31. Be3 Rxg2+ 32. Kf1 Bf3 33. Rxd6 Rh2 34. Ke1 Re8 35. Kd2 Re5 36. Bd3 Bc6 37. Rd8+ Re8 0-1
EmilyNaranjo,"['Event ""Rated Blitz game""', 'Site ""https://lichess.org/upH82ogu""', 'Date ""2019.12.26""', 'White ""EmilyNaranjo""', 'Black ""JUANTAL67""', 'Result ""0-1""', 'UTCDate ""2019.12.26""', 'UTCTime ""03:05:00""', 'WhiteElo ""1594""', 'BlackElo ""1528""', 'WhiteRatingDiff ""-13""', 'BlackRatingDiff ""+40""', 'Variant ""Standard""', 'TimeControl ""180+2""', 'ECO ""A41""', 'Opening ""Queen\'s Pawn Game""', 'Termination ""Time forfeit""']",1. d4 d6 2. Bf4 g6 3. e3 Bg7 4. c3 Nc6 5. Nd2 e5 6. dxe5 Nxe5 7. Ne4 Be6 8. Bb5+ Bd7 9. Bc4 Nf6 10. Nxf6+ Qxf6 11. Bxe5 Qxe5 12. Nf3 Qh5 13. O-O O-O 14. Bd5 c6 15. Bb3 Bg4 16. Qxd6 Bxf3 17. gxf3 Qxf3 18. Qg3 Qf6 19. Rad1 Rad8 20. Rxd8 Rxd8 21. Qc7 h5 22. Bxf7+ Kh7 23. f4 Rd2 24. Qxb7 Qh4 25. Bxg6+ Kh6 0-1
EmilyNaranjo,"['Event ""Casual Blitz game""', 'Site ""https://lichess.org/J6fsj77m""', 'Date ""2019.12.26""', 'White ""migherize""', 'Black ""EmilyNaranjo""', 'Result ""1-0""', 'UTCDate ""2019.12.26""', 'UTCTime ""02:52:16""', 'WhiteElo ""1998""', 'BlackElo ""1594""', 'Variant ""Standard""', 'TimeControl ""180+2""', 'ECO ""B90""', 'Opening ""Sicilian Defense: Najdorf Variation""', 'Termination ""Time forfeit""']",1. e4 c5 2. Nf3 d6 3. d4 cxd4 4. Nxd4 Nf6 5. Nc3 a6 6. a4 e5 7. Nf3 Bg4 8. Bc4 Nc6 9. h3 Bxf3 10. Qxf3 Nd4 11. Qd1 b5 12. axb5 axb5 13. Rxa8 Qxa8 14. Bd5 Nxd5 15. Nxd5 Qc6 16. c3 Ne6 17. Be3 g6 18. O-O Bg7 19. Qb3 Nc5 20. Bxc5 dxc5 21. Ra1 Qb7 22. Ra5 O-O 23. Qxb5 Qxb5 24. Rxb5 c4 25. Rb4 Ra8 26. Rxc4 Ra1+ 27. Kh2 Bf8 28. b4 Kg7 29. Rc6 Ra2 30. Kg3 Re2 31. f3 h5 32. b5 Rb2 33. b6 f5 34. exf5 gxf5 35. Rc7+ Kg6 36. b7 e4 37. Rc6+ Kf7 38. Rf6+ Ke8 39. Rxf5 Bd6+ 40. f4 Rxb7 41. Rxh5 Rb3 42. Rh7 e3 43. Rh6 Bb8 44. Re6+ Kf7 45. Re7+ Kf8 46. Rxe3 Kf7 47. h4 Bd6 48. Kg4 Rb5 49. c4 Rb8 50. Kh3 Rh8 51. g4 Ra8 52. h5 Kg7 53. Re6 1-0
EmilyNaranjo,"['Event ""Rated Blitz game""', 'Site ""https://lichess.org/XZA2IW0d""', 'Date ""2019.12.26""', 'White ""EmilyNaranjo""', 'Black ""drakus2019""', 'Result ""0-1""', 'UTCDate ""2019.12.26""', 'UTCTime ""01:20:14""', 'WhiteElo ""1608""', 'BlackElo ""1512""', 'WhiteRatingDiff ""-14""', 'BlackRatingDiff ""+8""', 'Variant ""Standard""', 'TimeControl ""180+2""', 'ECO ""B10""', 'Opening ""Caro-Kann Defense""', 'Termination ""Time forfeit""']",1. e4 c6 0-1
EmilyNaranjo,"['Event ""Rated Blitz game""', 'Site ""https://lichess.org/g2guVwrW""', 'Date ""2019.12.26""', 'White ""iktor86""', 'Black ""EmilyNaranjo""', 'Result ""1-0""', 'UTCDate ""2019.12.26""', 'UTCTime ""01:04:06""', 'WhiteElo ""1601""', 'BlackElo ""1620""', 'WhiteRatingDiff ""+7""', 'BlackRatingDiff ""-12""', 'Variant ""Standard""', 'TimeControl ""180+2""', 'ECO ""B50""', 'Opening ""Sicilian Defense""', 'Termination ""Time forfeit""']",1. e4 c5 2. Nf3 d6 3. d4 cxd4 4. Bc4 Nf6 5. e5 dxe5 6. Nxe5 Qa5+ 7. Bd2 Qxe5+ 8. Qe2 Qxe2+ 9. Kxe2 e6 10. c3 dxc3 11. Bxc3 Nc6 12. Rd1 Bb4 13. Bxf6 gxf6 14. a3 Bc5 15. b4 Bd4 16. Ra2 Ke7 17. Nd2 Rg8 18. g3 1-0
EmilyNaranjo,"['Event ""Rated Blitz game""', 'Site ""https://lichess.org/8IZd14Ah""', 'Date ""2019.12.26""', 'White ""drakus2019""', 'Black ""EmilyNaranjo""', 'Result ""0-1""', 'UTCDate ""2019.12.26""', 'UTCTime ""01:01:06""', 'WhiteElo ""1521""', 'BlackElo ""1611""', 'WhiteRatingDiff ""-5""', 'BlackRatingDiff ""+9""', 'Variant ""Standard""', 'TimeControl ""180+2""', 'ECO ""A48""', 'Opening ""East Indian Defense""', 'Termination ""Normal""']",1. d4 Nf6 2. Nf3 g6 3. e3 Bg7 4. b3 O-O 5. Bb2 d5 6. c4 c6 7. Nbd2 Qa5 8. h3 Ne4 9. Be2 Nd7 10. O-O f5 11. cxd5 Qxd5 12. Re1 e6 13. Bc4 Qd6 14. Bd5 cxd5 0-1
EmilyNaranjo,"['Event ""Rated Blitz game""', 'Site ""https://lichess.org/W5INnhZI""', 'Date ""2019.12.26""', 'White ""EmilyNaranjo""', 'Black ""azartnyigrok""', 'Result ""1-0""', 'UTCDate ""2019.12.26""', 'UTCTime ""00:57:14""', 'WhiteElo ""1597""', 'BlackElo ""1610""', 'WhiteRatingDiff ""+14""', 'BlackRatingDiff ""-6""', 'Variant ""Standard""', 'TimeControl ""180+2""', 'ECO ""D00""', 'Opening ""Queen\'s Pawn Game: Mason Variation""', 'Termination ""Normal""']",1. d4 d5 2. Bf4 c6 3. e3 Nd7 4. c3 Ngf6 5. Nf3 e6 6. Bd3 Nb6 7. Nbd2 Bd6 8. Bg3 Bc7 9. Qc2 h6 10. Ne5 O-O 11. h4 Ng4 12. Bh7+ Kh8 13. Nxg4 g6 14. Bxg6 fxg6 15. Qxg6 Rg8 16. Qxh6# 1-0
EmilyNaranjo,"['Event ""Rated Blitz game""', 'Site ""https://lichess.org/TT3GskMN""', 'Date ""2019.12.26""', 'White ""EmilyNaranjo""', 'Black ""Bironk""', 'Result ""0-1""', 'UTCDate ""2019.12.26""', 'UTCTime ""00:46:04""', 'WhiteElo ""1610""', 'BlackElo ""1616""', 'WhiteRatingDiff ""-13""', 'BlackRatingDiff ""+7""', 'Variant ""Standard""', 'TimeControl ""180+2""', 'ECO ""A41""', 'Opening ""Queen\'s Pawn Game""', 'Termination ""Normal""']",1. d4 d6 2. Bf4 g6 3. e3 Bg7 4. Nd2 b6 5. c3 Bb7 6. Ngf3 e6 7. e4 Ne7 8. Bd3 O-O 9. O-O c5 10. Nc4 d5 11. Nd6 Qd7 12. e5 c4 13. Bc2 b5 14. Qd2 Bc6 15. Bh6 Nf5 16. Nxf5 exf5 17. h4 f6 18. e6 Qxe6 19. Bxg7 Kxg7 20. Rae1 Qd6 21. h5 Nd7 22. hxg6 hxg6 23. Nh4 Rh8 24. g3 Rh5 25. Qe3 f4 26. Qe7+ Qxe7 27. Rxe7+ Kh6 28. Bxg6 Rxh4 29. gxh4 Kxg6 30. Kh2 Rh8 31. Rg1+ Kf5 32. Kh3 Nf8 33. f3 Ng6 34. Rg4 Nxe7 35. Rg7 Ke6 36. Kg4 f5+ 37. Kg5 Be8 38. b3 cxb3 39. axb3 Rh5+ 40. Kxf4 Rxh4+ 41. Ke3 f4+ 42. Kd3 Rh2 43. Rg6+ Kf7 44. Ra6 Nf5 45. Rxa7+ Ke6 46. Ra6+ Nd6 47. Ra1 Bg6# 0-1
EmilyNaranjo,"['Event ""Rated Blitz game""', 'Site ""https://lichess.org/xxqMSDxn""', 'Date ""2019.12.25""', 'White ""SEVENWONDERS""', 'Black ""EmilyNaranjo""', 'Result ""0-1""', 'UTCDate ""2019.12.25""', 'UTCTime ""21:29:59""', 'WhiteElo ""1620""', 'BlackElo ""1595""', 'WhiteRatingDiff ""-7""', 'BlackRatingDiff ""+15""', 'Variant ""Standard""', 'TimeControl ""180+2""', 'ECO ""B21""', 'Opening ""Sicilian Defense: McDonnell Attack""', 'Termination ""Normal""']",1. e4 c5 2. f4 d6 3. Nf3 Nf6 4. Nc3 Nc6 5. d4 cxd4 6. Nxd4 Nxd4 7. Qxd4 g6 8. Be3 Bg7 9. O-O-O O-O 10. e5 Ng4 11. h3 Nxe3 12. Qxe3 Be6 13. exd6 exd6 14. g4 Bxc3 15. Qxc3 Bxa2 16. b3 Rc8 17. Qb2 Qa5 18. Bc4 Rfd8 19. Rd5 Rc5 20. Rhd1 b5 21. Rxc5 dxc5 22. Rxd8+ Qxd8 23. Bxb5 Qa5 24. Ba4 Qe1# 0-1
EmilyNaranjo,"['Event ""Rated Blitz game""', 'Site ""https://lichess.org/EpIx07S2""', 'Date ""2019.12.25""', 'White ""EmilyNaranjo""', 'Black ""coolalzi""', 'Result ""0-1""', 'UTCDate ""2019.12.25""', 'UTCTime ""21:19:40""', 'WhiteElo ""1606""', 'BlackElo ""1687""', 'WhiteRatingDiff ""-11""', 'BlackRatingDiff ""+5""', 'Variant ""Standard""', 'TimeControl ""180+2""', 'ECO ""A45""', 'Opening ""Indian Defense""', 'Termination ""Time forfeit""']",1. d4 Nf6 2. Bf4 e6 3. e3 c5 4. c3 cxd4 5. cxd4 Bb4+ 6. Nc3 O-O 7. Bd3 Re8 8. Qc2 h6 9. Be5 Be7 10. Nf3 d6 11. Bg3 Nbd7 12. O-O b6 13. Nb5 Bb7 14. Bxd6 Rc8 15. Bc7 Rxc7 16. Nxc7 Bxf3 17. gxf3 Rf8 18. Rac1 Nh5 19. Bh7+ Kh8 20. Kh1 Bh4 21. Qe4 Qf6 22. Rg1 g6 23. Bxg6 fxg6 24. Nxe6 Bxf2 25. Nxf8 Bxg1 26. Nxg6+ Kg7 27. Rxg1 Kf7 28. Nh8+ Qxh8 29. Qg6+ Ke7 30. Qxh5 Qf6 0-1
EmilyNaranjo,"['Event ""Casual Blitz game""', 'Site ""https://lichess.org/EmIY7cSK""', 'Date ""2019.12.25""', 'White ""samuel22bastidas""', 'Black ""EmilyNaranjo""', 'Result ""1-0""', 'UTCDate ""2019.12.25""', 'UTCTime ""21:03:28""', 'WhiteElo ""1986""', 'BlackElo ""1606""', 'Variant ""Standard""', 'TimeControl ""180+2""', 'ECO ""B92""', 'Opening ""Sicilian Defense: Najdorf Variation, Opocensky Variation""', 'Termination ""Time forfeit""']",1. e4 c5 2. Nf3 d6 3. d4 cxd4 4. Nxd4 Nf6 5. Nc3 a6 6. Be2 e5 7. Nf3 Be7 8. O-O Bg4 9. h3 Be6 10. Be3 Qd7 11. Ng5 O-O 12. Nxe6 fxe6 13. f4 Nc6 14. f5 Rac8 15. fxe6 1-0
EmilyNaranjo,"['Event ""Rated Blitz game""', 'Site ""https://lichess.org/aNj9t5Rx""', 'Date ""2019.12.25""', 'White ""umityurt""', 'Black ""EmilyNaranjo""', 'Result ""1-0""', 'UTCDate ""2019.12.25""', 'UTCTime ""20:55:02""', 'WhiteElo ""1540""', 'BlackElo ""1623""', 'WhiteRatingDiff ""+8""', 'BlackRatingDiff ""-17""', 'Variant ""Standard""', 'TimeControl ""180+2""', 'ECO ""A35""', 'Opening ""English Opening: Symmetrical Variation, Two Knights Variation""', 'Termination ""Time forfeit""']",1. c4 c5 2. Nc3 Nc6 3. Nf3 g6 4. e3 Bg7 5. d4 d6 6. Qa4 Bd7 7. Qb3 cxd4 8. Nd5 dxe3 9. Qxe3 e6 10. Bd3 Nf6 11. O-O Nxd5 12. cxd5 Ne7 13. Ng5 O-O 14. Qh3 h6 15. dxe6 fxe6 16. Nxe6 Bxe6 17. Qxe6+ 1-0
EmilyNaranjo,"['Event ""Rated Blitz game""', 'Site ""https://lichess.org/2CMfoSOu""', 'Date ""2019.12.25""', 'White ""ThereWillBeBlud""', 'Black ""EmilyNaranjo""', 'Result ""0-1""', 'UTCDate ""2019.12.25""', 'UTCTime ""20:50:32""', 'WhiteElo ""1651""', 'BlackElo ""1606""', 'WhiteRatingDiff ""-7""', 'BlackRatingDiff ""+17""', 'Variant ""Standard""', 'TimeControl ""180+2""', 'ECO ""A04""', 'Opening ""Zukertort Opening: Kingside Fianchetto""', 'Termination ""Normal""']",1. Nf3 g6 2. Ng1 Bg7 3. Nf3 Nf6 4. Ng1 d5 5. Nf3 Nc6 6. Ng1 Bf5 7. Nf3 Qd7 8. Ng1 O-O-O 9. Nf3 e5 10. Ng1 e4 11. Nc3 Ng4 12. Nb1 Bd4 13. Nc3 Bxf2# 0-1
EmilyNaranjo,"['Event ""Rated Blitz game""', 'Site ""https://lichess.org/SMkIYFlW""', 'Date ""2019.12.25""', 'White ""EmilyNaranjo""', 'Black ""Giggsn""', 'Result ""1-0""', 'UTCDate ""2019.12.25""', 'UTCTime ""20:45:05""', 'WhiteElo ""1592""', 'BlackElo ""1542""', 'WhiteRatingDiff ""+14""', 'BlackRatingDiff ""-5""', 'Variant ""Standard""', 'TimeControl ""180+2""', 'ECO ""A45""', 'Opening ""Indian Defense""', 'Termination ""Normal""']",1. d4 Nf6 2. Bf4 d5 3. e3 e6 4. Nf3 c5 5. c3 Nc6 6. Nbd2 Be7 7. Bb5 a6 8. Bxc6+ bxc6 9. Ne5 Bb7 10. Qa4 Qb6 11. O-O O-O 12. Nb3 cxd4 13. exd4 Bd6 14. Rae1 Rac8 15. Bg3 c5 16. Nd7 cxd4 17. Nxb6 1-0
EmilyNaranjo,"['Event ""Rated Blitz game""', 'Site ""https://lichess.org/WTZ1G2Ij""', 'Date ""2019.12.25""', 'White ""EmilyNaranjo""', 'Black ""MowafyPH""', 'Result ""1-0""', 'UTCDate ""2019.12.25""', 'UTCTime ""19:20:50""', 'WhiteElo ""1574""', 'BlackElo ""1586""', 'WhiteRatingDiff ""+18""', 'BlackRatingDiff ""-7""', 'Variant ""Standard""', 'TimeControl ""180+2""', 'ECO ""D00""', 'Opening ""Queen\'s Pawn Game: Mason Variation""', 'Termination ""Normal""']",1. d4 d5 2. Bf4 e6 3. e3 Nf6 4. Nf3 Nbd7 5. c3 h6 6. h4 c5 7. Bb5 a6 8. Ba4 b5 9. Bc2 Be7 10. O-O O-O 11. Ne5 Nxe5 12. dxe5 Ne4 13. Bxe4 dxe4 14. Qg4 Bxh4 15. Bxh6 g5 16. Bxf8 Qxf8 17. g3 Bxg3 18. fxg3 Qg7 19. Rf6 Bb7 20. Nd2 Rd8 21. Nxe4 Bxe4 22. Qxe4 Rd2 23. Qa8+ Kh7 24. Qh1+ Kg8 25. Rh6 Rxb2 26. Qa8+ 1-0
EmilyNaranjo,"['Event ""Rated Blitz game""', 'Site ""https://lichess.org/JMfUn7Ne""', 'Date ""2019.12.25""', 'White ""mikesarris""', 'Black ""EmilyNaranjo""', 'Result ""0-1""', 'UTCDate ""2019.12.25""', 'UTCTime ""15:47:35""', 'WhiteElo ""1564""', 'BlackElo ""1556""', 'WhiteRatingDiff ""-7""', 'BlackRatingDiff ""+18""', 'Variant ""Standard""', 'TimeControl ""180+2""', 'ECO ""A48""', 'Opening ""London System""', 'Termination ""Normal""']",1. d4 Nf6 2. Nf3 g6 3. Bf4 d6 4. h3 Bg7 5. e3 O-O 6. Nbd2 Nbd7 7. Be2 Nh5 8. Bh2 Kh8 9. O-O f5 10. Ng5 Ndf6 11. Bc4 d5 12. Be2 h6 13. Ngf3 Ne4 14. c4 e5 15. Nxe5 Bxe5 16. Bxe5+ Nhf6 17. cxd5 Nxd2 18. Qxd2 Kh7 19. Qc3 Nxd5 20. Qb3 c6 21. a4 a5 22. Qc2 Qb6 23. Bf3 Nb4 24. Qb3 c5 25. Bd5 Nxd5 26. Qxd5 Qxb2 27. Qxc5 Bd7 28. Rfb1 Qd2 29. Rxb7 Rad8 30. Rbb1 Rf7 31. Qxa5 Qxa5 32. Bf4 Qd5 33. Be5 Rff8 34. a5 Bc6 35. a6 Qxg2# 0-1
EmilyNaranjo,"['Event ""Rated Blitz game""', 'Site ""https://lichess.org/isXGXo2X""', 'Date ""2019.12.25""', 'White ""EmilyNaranjo""', 'Black ""Sivkov1984""', 'Result ""1-0""', 'UTCDate ""2019.12.25""', 'UTCTime ""14:10:16""', 'WhiteElo ""1537""', 'BlackElo ""1541""', 'WhiteRatingDiff ""+19""', 'BlackRatingDiff ""-6""', 'Variant ""Standard""', 'TimeControl ""180+2""', 'ECO ""D00""', 'Opening ""Queen\'s Pawn Game: Mason Variation""', 'Termination ""Normal""']",1. d4 d5 2. Bf4 Nc6 3. e3 Bf5 4. c3 e6 5. Bb5 Qd7 6. Nf3 a6 7. Bxc6 Qxc6 8. Ne5 Qb6 9. Qb3 Qb5 10. g4 Be4 11. f3 Bg6 12. Nxg6 hxg6 13. Bxc7 Rh3 14. Bg3 Qd3 15. c4 dxc4 16. Qxd3 cxd3 17. Nd2 Bb4 18. a3 Ba5 19. b4 Bb6 20. Nc4 Ba7 21. Nd6+ Ke7 22. Nxb7 Rc8 23. Nc5 Bxc5 24. bxc5 e5 25. Kd2 exd4 26. exd4 Nf6 27. Rhe1+ Kf8 28. Kxd3 Nd5 29. Kc4 Rd8 30. Bd6+ Kg8 31. Kxd5 Rxf3 32. Rf1 Rh3 33. Rg1 Rxh2 34. a4 f5 35. g5 Re2 36. Rae1 Ra2 37. Ra1 Rd2 38. Rgd1 Rh2 39. Re1 Rg2 40. Rg1 Rd2 41. Rg3 Rh2 42. Re3 Rh5 43. Rg3 Re8 44. Ra2 Re4 45. Raa3 Rhh4 46. Rad3 Rh1 47. Be5 Ra1 48. Ra3 Rb1 49. Ke6 Rb7 50. Rab3 Rc7 51. Rb8+ Kh7 52. Rh3+ Rh4 1-0
EmilyNaranjo,"['Event ""Rated Blitz game""', 'Site ""https://lichess.org/DTBxsKRW""', 'Date ""2019.12.25""', 'White ""yolopyki""', 'Black ""EmilyNaranjo""', 'Result ""0-1""', 'UTCDate ""2019.12.25""', 'UTCTime ""14:03:19""', 'WhiteElo ""1476""', 'BlackElo ""1519""', 'WhiteRatingDiff ""-5""', 'BlackRatingDiff ""+18""', 'Variant ""Standard""', 'TimeControl ""180+2""', 'ECO ""E94""', 'Opening ""King\'s Indian Defense: Orthodox Variation, Positional Defense, Closed Line""', 'Termination ""Normal""']",1. d4 Nf6 2. c4 g6 3. Nc3 Bg7 4. e4 d6 5. Nf3 O-O 6. Be2 Nbd7 7. O-O e5 8. d5 Nc5 9. b4 Ncxe4 10. Nxe4 Nxe4 11. Qd3 Bf5 12. Re1 Ng3 13. Qe3 Nxe2+ 14. Rxe2 f6 15. Nh4 Bg4 16. f3 Bd7 17. b5 f5 18. g3 f4 19. gxf4 Qxh4 20. fxe5 Bxe5 21. Rg2 Bd4 0-1
EmilyNaranjo,"['Event ""Rated Blitz game""', 'Site ""https://lichess.org/oZO4Yh4B""', 'Date ""2019.12.25""', 'White ""Vaduly""', 'Black ""EmilyNaranjo""', 'Result ""0-1""', 'UTCDate ""2019.12.25""', 'UTCTime ""13:43:04""', 'WhiteElo ""1557""', 'BlackElo ""1495""', 'WhiteRatingDiff ""-7""', 'BlackRatingDiff ""+24""', 'Variant ""Standard""', 'TimeControl ""180+2""', 'ECO ""D00""', 'Opening ""Queen\'s Pawn Game: Mason Attack""', 'Termination ""Normal""']",1. f4 d5 2. d4 Bf5 3. e3 e6 4. Nf3 c5 5. Bd3 Bxd3 6. Qxd3 c4 7. Qe2 Qb6 8. O-O Nc6 9. a3 Nf6 10. Nc3 Ne4 11. f5 exf5 12. Ne5 Nxc3 13. bxc3 Nxe5 14. dxe5 Qe6 15. Rf4 g6 16. h4 Bh6 17. Rd4 Qxe5 18. Rb1 O-O-O 19. Rb5 b6 20. Qf3 Rhe8 21. Rxc4+ Kb8 22. Rd4 Bxe3+ 23. Bxe3 Qxe3+ 24. Qxe3 Rxe3 25. Rdxd5 Rde8 26. Rd7 Re1+ 27. Kh2 R1e7 28. Rbd5 Kc8 29. Rxe7 Rxe7 30. Kg3 Re3+ 31. Kf4 Rxc3 32. Kg5 Rg3+ 33. Kh6 Rxg2 34. Kxh7 Rxc2 35. Kg7 Rc7 36. h5 gxh5 37. Rxf5 h4 38. Rh5 f5+ 39. Kg6 Rc6+ 40. Kxf5 Rc5+ 41. Kg4 Rxh5 42. Kxh5 h3 0-1
EmilyNaranjo,"['Event ""Rated Blitz game""', 'Site ""https://lichess.org/0D280wmi""', 'Date ""2019.12.25""', 'White ""Leelok""', 'Black ""EmilyNaranjo""', 'Result ""1/2-1/2""', 'UTCDate ""2019.12.25""', 'UTCTime ""13:32:22""', 'WhiteElo ""1456""', 'BlackElo ""1497""', 'WhiteRatingDiff ""+1""', 'BlackRatingDiff ""-2""', 'Variant ""Standard""', 'TimeControl ""180+2""', 'ECO ""A45""', 'Opening ""Indian Defense""', 'Termination ""Normal""']",1. d4 Nf6 2. Bf4 g6 3. Nc3 Bg7 4. e4 d6 5. Bg5 O-O 6. e5 dxe5 7. dxe5 Qxd1+ 8. Nxd1 Nd5 9. Bc4 e6 10. Nf3 b6 11. O-O Bb7 12. b3 c5 13. Re1 Nd7 14. Nb2 h6 15. Bh4 Nc3 16. Re3 Bxf3 17. Rxf3 Bxe5 18. Bg3 Ne4 19. Bxe5 Nxe5 20. Re3 Nxc4 21. Nxc4 Ng5 22. Ne5 Rad8 23. Nc6 Rd2 24. Rc1 a6 25. Ne7+ Kg7 26. h4 Nh7 27. Nc6 Rc8 28. Ne5 Nf6 29. Nd3 c4 30. bxc4 Rxc4 31. Kf1 Rcxc2 32. Rxc2 Rxc2 33. Nb4 Rb2 34. Rb3 Rxb3 35. axb3 a5 36. Nd3 Ne4 37. Ke2 Kf6 38. Ke3 Nc5 39. Kd4 Nxd3 40. Kxd3 Ke5 41. Kc4 Kd6 42. Kb5 Kc7 43. g3 f5 44. f3 e5 45. b4 axb4 46. Kxb4 Kc6 47. Kc4 g5 48. h5 f4 49. g4 b5+ 50. Kb4 Kd5 51. Kxb5 Kd4 52. Kc6 Ke3 53. Kd6 e4 54. fxe4 Kxe4 55. Ke6 f3 56. Kf6 f2 57. Kg6 f1=Q 58. Kxh6 Qf6+ 59. Kh7 Ke5 60. h6 Ke6 61. Kg8 Qxh6 1/2-1/2
EmilyNaranjo,"['Event ""Rated Blitz game""', 'Site ""https://lichess.org/3ydbreai""', 'Date ""2019.12.25""', 'White ""EmilyNaranjo""', 'Black ""Steggen""', 'Result ""0-1""', 'UTCDate ""2019.12.25""', 'UTCTime ""13:25:39""', 'WhiteElo ""1519""', 'BlackElo ""1522""', 'WhiteRatingDiff ""-22""', 'BlackRatingDiff ""+6""', 'Variant ""Standard""', 'TimeControl ""180+2""', 'ECO ""D00""', 'Opening ""Queen\'s Pawn Game: Mason Variation""', 'Termination ""Time forfeit""']",1. d4 d5 2. Bf4 Nf6 3. e3 e6 4. Nf3 Be7 5. c3 O-O 6. Nbd2 Nc6 7. Bd3 Bd7 8. O-O h6 9. Ne5 a6 10. h4 Bd6 11. Nxd7 Nxd7 12. Qg4 Bxf4 13. Qxf4 Nf6 14. Nf3 Nh5 15. Qg4 Nf6 16. Qh3 Nh5 17. g4 Nf6 18. g5 Ne4 19. gxh6 g6 20. Kh1 Kh7 21. Bxe4 dxe4 22. Ng5+ Kxh6 23. Nxe4 Qd5 24. f3 Qf5 25. Ng3 Qxh3+ 0-1
EmilyNaranjo,"['Event ""Rated Blitz game""', 'Site ""https://lichess.org/U0LudZ6H""', 'Date ""2019.12.25""', 'White ""EmilyNaranjo""', 'Black ""yeser""', 'Result ""1-0""', 'UTCDate ""2019.12.25""', 'UTCTime ""13:21:51""', 'WhiteElo ""1495""', 'BlackElo ""1488""', 'WhiteRatingDiff ""+24""', 'BlackRatingDiff ""-6""', 'Variant ""Standard""', 'TimeControl ""180+2""', 'ECO ""A40""', 'Opening ""Englund Gambit""', 'Termination ""Normal""']",1. d4 e5 2. c3 exd4 3. cxd4 Nf6 4. Bf4 d5 5. e3 Bg4 6. Be2 h5 7. Bg5 Be7 8. Bxf6 Bxe2 9. Bxe7 Qxe7 10. Nxe2 Qb4+ 11. Nbc3 Qxb2 12. Qa4+ Nc6 13. O-O O-O-O 14. Rab1 Qc2 15. Qxc2 1-0
EmilyNaranjo,"['Event ""Rated Blitz game""', 'Site ""https://lichess.org/1S7SC6AC""', 'Date ""2019.12.25""', 'White ""vClausewitz""', 'Black ""EmilyNaranjo""', 'Result ""0-1""', 'UTCDate ""2019.12.25""', 'UTCTime ""13:16:11""', 'WhiteElo ""1369""', 'BlackElo ""1476""', 'WhiteRatingDiff ""-4""', 'BlackRatingDiff ""+19""', 'Variant ""Standard""', 'TimeControl ""180+2""', 'ECO ""B12""', 'Opening ""Caro-Kann Defense: Advance Variation, Short Variation""', 'Termination ""Normal""']",1. e4 c6 2. d4 d5 3. e5 Bf5 4. Nf3 h5 5. h4 e6 6. g3 Nd7 7. Bg2 f6 8. O-O Be7 9. Re1 g5 10. hxg5 fxg5 11. Bxg5 Bxg5 12. Nxg5 Qxg5 13. Qf3 Be4 14. Qb3 Bxg2 15. Kxg2 O-O-O 16. Nc3 h4 17. Na4 Nh6 18. Nc5 Nxc5 19. dxc5 h3+ 20. Kh2 Ng4+ 21. Kh1 Nxf2+ 22. Kh2 Ng4+ 23. Kh1 Qd2 24. Qa4 Qg2# 0-1
EmilyNaranjo,"['Event ""Casual Blitz game""', 'Site ""https://lichess.org/FGYCmAbm""', 'Date ""2019.12.24""', 'White ""EmilyNaranjo""', 'Black ""migherize""', 'Result ""0-1""', 'UTCDate ""2019.12.24""', 'UTCTime ""02:24:36""', 'WhiteElo ""1476""', 'BlackElo ""1987""', 'Variant ""Standard""', 'TimeControl ""180+2""', 'ECO ""A45""', 'Opening ""Indian Defense""', 'Termination ""Normal""']",1. d4 Nf6 2. Bf4 d6 3. e3 g6 4. c4 Bg7 5. Nc3 O-O 6. Be2 c5 7. d5 Na6 8. a3 Nc7 9. Qd2 a6 10. b4 cxb4 11. axb4 Ne4 12. Nxe4 Bxa1 13. Nf3 b5 14. Qa2 Bg7 15. cxb5 axb5 16. Qc2 Ra1+ 17. Bd1 Nxd5 18. O-O Nxb4 19. Qb3 Qa5 20. Nd4 Bxd4 21. exd4 Be6 22. Qf3 Bd5 23. Bh6 Re8 24. Qe2 Bxe4 25. Qxe4 Qa8 26. d5 Qxd5 27. Qxb4 Rxd1 28. Rxd1 Qxd1+ 29. Qe1 Qxe1# 0-1
EmilyNaranjo,"['Event ""Rated Blitz game""', 'Site ""https://lichess.org/rqrzyDv1""', 'Date ""2019.12.23""', 'White ""Jarczi""', 'Black ""EmilyNaranjo""', 'Result ""0-1""', 'UTCDate ""2019.12.23""', 'UTCTime ""21:50:28""', 'WhiteElo ""1289""', 'BlackElo ""1460""', 'WhiteRatingDiff ""-3""', 'BlackRatingDiff ""+16""', 'Variant ""Standard""', 'TimeControl ""180+2""', 'ECO ""C64""', 'Opening ""Ruy Lopez: Classical Variation""', 'Termination ""Normal""']",1. e4 e5 2. Nf3 Nc6 3. Bb5 Bc5 4. O-O d6 5. Nc3 Ne7 6. d3 O-O 7. Bg5 Bg4 8. Nd5 f6 9. Nxe7+ Nxe7 10. Be3 Bb6 11. Bxb6 axb6 12. h3 Bxf3 13. Qxf3 c6 14. Bc4+ Kh8 15. a3 d5 16. Ba2 f5 17. exd5 Nxd5 18. Rae1 Qd6 19. c4 Nf4 20. Rd1 Qd4 21. Rd2 c5 22. Qxb7 Rab8 23. Qf3 Rf6 24. Kh2 Rg6 25. g3 Ne6 26. Qxf5 Rf8 27. Qxe6 Rxe6 28. Rdd1 Rxf2+ 29. Rxf2 Qxf2+ 30. Kh1 Qf3+ 31. Kg1 Qxd1+ 32. Kf2 Rf6+ 0-1
EmilyNaranjo,"['Event ""Rated Blitz game""', 'Site ""https://lichess.org/kpIqD9VJ""', 'Date ""2019.12.23""', 'White ""EmilyNaranjo""', 'Black ""Gabriel_Leite_C""', 'Result ""0-1""', 'UTCDate ""2019.12.23""', 'UTCTime ""21:30:16""', 'WhiteElo ""1490""', 'BlackElo ""1480""', 'WhiteRatingDiff ""-30""', 'BlackRatingDiff ""+6""', 'Variant ""Standard""', 'TimeControl ""180+2""', 'ECO ""A40""', 'Opening ""Modern Defense""', 'Termination ""Time forfeit""']",1. d4 g6 2. Bf4 Bg7 3. e3 e6 4. Bd3 Ne7 5. Be2 O-O 6. Nf3 b6 7. c4 Bb7 8. b4 c5 9. dxc5 Bxa1 10. Nbd2 Bc3 11. O-O bxc5 12. bxc5 Bxf3 13. Nxf3 Nbc6 14. Qd3 Bg7 15. Rd1 e5 16. Bg3 Rb8 17. Nd2 Nb4 18. Qd6 Nf5 19. Bh4 Nxh4 20. g4 Bf6 0-1
EmilyNaranjo,"['Event ""Rated Blitz game""', 'Site ""https://lichess.org/7zOKLIX5""', 'Date ""2019.12.23""', 'White ""EmilyNaranjo""', 'Black ""Edik2612""', 'Result ""1-0""', 'UTCDate ""2019.12.23""', 'UTCTime ""21:22:42""', 'WhiteElo ""1456""', 'BlackElo ""1460""', 'WhiteRatingDiff ""+34""', 'BlackRatingDiff ""-12""', 'Variant ""Standard""', 'TimeControl ""180+2""', 'ECO ""A40""', 'Opening ""Queen\'s Pawn Game""', 'Termination ""Normal""']",1. d4 c6 2. Bf4 d5 3. e3 Bf5 4. c3 e6 5. Nd2 Qb6 6. Qb3 Nd7 7. Be2 Ngf6 8. Ngf3 Ne4 9. Nxe4 Bxe4 10. Ng5 Bf5 11. g4 Bg6 12. h4 h6 13. Nf3 c5 14. h5 Be4 15. O-O Nf6 16. Nd2 Bh7 17. c4 cxd4 18. Qxb6 axb6 19. exd4 dxc4 20. Nxc4 b5 21. Nd6+ Bxd6 22. Bxd6 Ne4 23. Bxb5+ Kd8 24. Bb4 Nf6 25. f3 Kc7 26. Rac1+ Kb6 27. Bc4 Nd5 28. Bc5+ Kc6 29. Bxd5+ Kxd5 30. Rfe1 Rxa2 31. Re5+ Kc6 32. Ba3+ Kd7 33. Rb5 b6 34. Rxb6 Bd3 35. Rb7+ Ke8 36. Rc8# 1-0
EmilyNaranjo,"['Event ""Rated Blitz game""', 'Site ""https://lichess.org/O5wbOiN2""', 'Date ""2019.12.23""', 'White ""larreal""', 'Black ""EmilyNaranjo""', 'Result ""0-1""', 'UTCDate ""2019.12.23""', 'UTCTime ""21:10:50""', 'WhiteElo ""1650""', 'BlackElo ""1397""', 'WhiteRatingDiff ""-10""', 'BlackRatingDiff ""+59""', 'Variant ""Standard""', 'TimeControl ""180+2""', 'ECO ""B21""', 'Opening ""Sicilian Defense: Smith-Morra Gambit""', 'Termination ""Time forfeit""']",1. e4 c5 2. d4 Nc6 3. d5 Nd4 4. c3 Qa5 5. b4 cxb4 6. Qxd4 b3 7. Bc4 g6 8. Bxb3 d6 9. Nf3 Bg4 10. Qxh8 Nf6 11. Bh6 O-O-O 12. Bxf8 Bxf3 13. gxf3 Qb5 14. Qg7 Nh5 15. Qxf7 e5 16. Qe6+ Kc7 17. Qe7+ Rd7 18. c4 Qb4+ 19. Nc3 Qxc3+ 0-1
EmilyNaranjo,"['Event ""Rated Blitz game""', 'Site ""https://lichess.org/PeX36Diz""', 'Date ""2019.12.23""', 'White ""EmilyNaranjo""', 'Black ""larreal""', 'Result ""1-0""', 'UTCDate ""2019.12.23""', 'UTCTime ""21:08:13""', 'WhiteElo ""1328""', 'BlackElo ""1661""', 'WhiteRatingDiff ""+69""', 'BlackRatingDiff ""-11""', 'Variant ""Standard""', 'TimeControl ""180+2""', 'ECO ""A45""', 'Opening ""Indian Defense""', 'Termination ""Normal""']",1. d4 Nf6 2. Bf4 d5 3. e3 c5 4. c3 Qb6 5. Qb3 c4 6. Qc2 Bf5 7. Qxf5 Qxb2 8. Qc8# 1-0
EmilyNaranjo,"['Event ""Rated Blitz game""', 'Site ""https://lichess.org/VEF3yNXC""', 'Date ""2019.12.23""', 'White ""larreal""', 'Black ""EmilyNaranjo""', 'Result ""1-0""', 'UTCDate ""2019.12.23""', 'UTCTime ""20:58:15""', 'WhiteElo ""1659""', 'BlackElo ""1339""', 'WhiteRatingDiff ""+2""', 'BlackRatingDiff ""-11""', 'Variant ""Standard""', 'TimeControl ""180+2""', 'ECO ""B21""', 'Opening ""Sicilian Defense: Smith-Morra Gambit""', 'Termination ""Time forfeit""']",1. e4 c5 2. d4 cxd4 3. c3 dxc3 4. Nxc3 d6 5. Nf3 Nc6 6. Bc4 Bg4 7. Qb3 Qb6 8. Bxf7+ Kd7 9. Bxg8 Rxg8 10. Qxg8 Bxf3 11. gxf3 Nd4 12. O-O Nxf3+ 13. Kg2 Ng5 14. Qd5 Ne6 15. Qb5+ Qxb5 16. Nxb5 a6 17. Nc3 Nf4+ 18. Kg3 Nh5+ 19. Kg2 e6 20. Be3 Be7 21. Rac1 Rf8 22. Rfd1 b5 23. Ne2 e5 24. Bb6 Ke6 25. Be3 1-0
EmilyNaranjo,"['Event ""Rated Blitz game""', 'Site ""https://lichess.org/9TwzDVbk""', 'Date ""2019.12.23""', 'White ""HOLZeltier600""', 'Black ""EmilyNaranjo""', 'Result ""0-1""', 'UTCDate ""2019.12.23""', 'UTCTime ""20:52:39""', 'WhiteElo ""1252""', 'BlackElo ""1301""', 'WhiteRatingDiff ""-6""', 'BlackRatingDiff ""+38""', 'Variant ""Standard""', 'TimeControl ""180+2""', 'ECO ""B23""', 'Opening ""Sicilian Defense: Closed""', 'Termination ""Time forfeit""']",1. e4 c5 2. Nc3 d6 3. Bb5+ Bd7 4. d3 Bxb5 5. Nxb5 Qa5+ 6. Nc3 Nc6 7. Bd2 Qb4 8. Qc1 O-O-O 9. Nd5 Qd4 10. Nf3 Qa4 11. b3 Qa6 12. O-O e6 13. Nc3 g6 14. Ng5 Rd7 15. f4 h6 16. Nf3 Nge7 17. f5 gxf5 18. exf5 Nxf5 0-1
EmilyNaranjo,"['Event ""Rated Blitz game""', 'Site ""https://lichess.org/RaZjSMzW""', 'Date ""2019.12.23""', 'White ""idkhowitworks""', 'Black ""EmilyNaranjo""', 'Result ""0-1""', 'UTCDate ""2019.12.23""', 'UTCTime ""20:38:43""', 'WhiteElo ""1337""', 'BlackElo ""1240""', 'WhiteRatingDiff ""-20""', 'BlackRatingDiff ""+61""', 'Variant ""Standard""', 'TimeControl ""180+2""', 'ECO ""B20""', 'Opening ""Sicilian Defense: Bowdler Attack""', 'Termination ""Time forfeit""']",1. e4 c5 2. Bc4 d6 3. Qh5 g6 4. Qf3 Nf6 5. Nc3 Bg4 6. Qf4 e5 7. Qg5 h5 8. Qe3 Bh6 9. Qe2 Bxe2 0-1
EmilyNaranjo,"['Event ""Rated Blitz game""', 'Site ""https://lichess.org/Tjxj1yGt""', 'Date ""2019.12.23""', 'White ""EmilyNaranjo""', 'Black ""Jinny___OsOs""', 'Result ""1-0""', 'UTCDate ""2019.12.23""', 'UTCTime ""20:32:38""', 'WhiteElo ""1176""', 'BlackElo ""1221""', 'WhiteRatingDiff ""+64""', 'BlackRatingDiff ""-6""', 'Variant ""Standard""', 'TimeControl ""180+2""', 'ECO ""D00""', 'Opening ""Queen\'s Pawn Game: Mason Variation""', 'Termination ""Normal""']",1. d4 d5 2. Bf4 Nf6 3. e3 Bf5 4. c3 Nc6 5. Nd2 e6 6. Be2 Be7 7. Ngf3 O-O 8. Ne5 Nxe5 9. dxe5 Ne4 10. g4 Bg6 11. Nf1 Bh4 12. Ng3 Bxg3 13. hxg3 f5 14. g5 a6 15. Bh5 Bxh5 16. Qxh5 b5 17. Qxh7+ Kf7 18. g6+ Ke8 19. Qxg7 d4 20. O-O-O b4 21. Rxd4 Qc8 22. Rh7 c5 23. Qe7# 1-0
EmilyNaranjo,"['Event ""Rated Blitz game""', 'Site ""https://lichess.org/CJkCmCtW""', 'Date ""2019.12.23""', 'White ""EmilyNaranjo""', 'Black ""Hemoglobino""', 'Result ""1-0""', 'UTCDate ""2019.12.23""', 'UTCTime ""20:23:11""', 'WhiteElo ""1091""', 'BlackElo ""1193""', 'WhiteRatingDiff ""+85""', 'BlackRatingDiff ""-9""', 'Variant ""Standard""', 'TimeControl ""180+2""', 'ECO ""D00""', 'Opening ""Queen\'s Pawn Game: Mason Variation""', 'Termination ""Normal""']",1. d4 d5 2. Bf4 Nc6 3. e3 e6 4. Nf3 Bd6 5. Bg3 Bxg3 6. hxg3 Nf6 7. c3 O-O 8. Bd3 Ne4 9. Nbd2 Nxd2 10. Bxh7+ Kh8 11. Nxd2 g6 12. Bxg6+ Kg7 13. Qh5 Rh8 14. Qxh8+ Qxh8 15. Rxh8 Kxh8 16. Bxf7 e5 17. Bxd5 exd4 18. exd4 Ne7 19. Be4 Be6 20. O-O-O Rf8 21. Rh1+ Kg7 22. Rh7+ Kf6 23. Bxb7 Bd5 24. Bxd5 Nxd5 25. Ne4+ Kg6 26. Rd7 Rf5 27. g4 Rf4 28. f3 c6 29. Rd6+ Kf7 30. Rxc6 Ke7 31. Rh6 Ne3 32. Rh7+ Kf8 33. Ng5 Nxg2 34. Ne6+ Ke8 35. Nxf4 Nxf4 36. Rxa7 Ne2+ 37. Kd2 Nf4 38. Ke3 Nd5+ 39. Ke4 Nf6+ 40. Kf5 Nd5 41. f4 Kd8 42. Ke4 Nf6+ 43. Kf3 Kc8 44. g5 Nd5 45. f5 Kb8 46. Rd7 Nc7 47. Rxc7 Kxc7 48. g6 Kd7 49. g7 Ke8 50. g8=Q+ Ke7 51. d5 Kd7 52. Qe6+ Kd8 53. f6 Kc7 54. d6+ Kb6 55. d7+ Ka5 56. d8=Q+ Ka4 57. Qa6# 1-0
EmilyNaranjo,"['Event ""Rated Blitz game""', 'Site ""https://lichess.org/Hdn8Egi6""', 'Date ""2019.12.23""', 'White ""Jailz""', 'Black ""EmilyNaranjo""', 'Result ""1-0""', 'UTCDate ""2019.12.23""', 'UTCTime ""20:03:36""', 'WhiteElo ""1308""', 'BlackElo ""1132""', 'WhiteRatingDiff ""+3""', 'BlackRatingDiff ""-41""', 'Variant ""Standard""', 'TimeControl ""180+2""', 'ECO ""B52""', 'Opening ""Sicilian Defense: Canal Attack, Main Line""', 'Termination ""Time forfeit""']",1. e4 c5 2. Nf3 d6 3. Bb5+ Bd7 4. Bxd7+ Qxd7 5. d4 cxd4 6. Nxd4 Nf6 7. Nc3 a6 8. Bg5 g6 9. Qd2 Bg7 10. O-O-O O-O 11. Kb1 b5 12. Bh6 e5 13. Bxg7 Kxg7 14. Nb3 Rd8 15. h4 Nc6 16. g4 Qxg4 17. Rhg1 Qxh4 18. Rh1 Qf4 19. Qxf4 exf4 20. Nd5 Nxd5 21. exd5 Ne5 22. Rh2 Ng4 23. Rg2 f5 24. Rdg1 f3 25. Rg3 Nxf2 26. Rxf3 Ng4 27. Rh3 Re8 28. Rgh1 h5 29. Rc3 Re2 30. Rc6 Rae8 31. Rxa6 Re1+ 32. Rxe1 Rxe1+ 33. Nc1 h4 34. Rxd6 Nf6 35. Re6 h3 36. Rxe1 Nxd5 37. Rh1 Nf4 38. Nd3 Nxd3 39. cxd3 g5 40. Rxh3 g4 41. Re3 f4 42. Re4 f3 43. Rxg4+ Kh6 44. Rf4 f2 45. Rxf2 1-0
EmilyNaranjo,"['Event ""Rated Blitz game""', 'Site ""https://lichess.org/s1eESGJB""', 'Date ""2019.12.23""', 'White ""EmilyNaranjo""', 'Black ""buraksf""', 'Result ""0-1""', 'UTCDate ""2019.12.23""', 'UTCTime ""19:19:13""', 'WhiteElo ""1188""', 'BlackElo ""1334""', 'WhiteRatingDiff ""-56""', 'BlackRatingDiff ""+4""', 'Variant ""Standard""', 'TimeControl ""180+2""', 'ECO ""A40""', 'Opening ""Horwitz Defense""', 'Termination ""Time forfeit""']",1. d4 e6 2. Bf4 Qf6 3. e3 c5 4. Nf3 cxd4 5. Bg5 Qf5 6. Bd3 Qg4 7. h3 Qxg2 8. Ke2 f6 9. Bh4 dxe3 10. Kxe3 Bc5+ 11. Ke2 g5 12. Bg3 Nc6 13. Nbd2 Nd4+ 14. Nxd4 Bxd4 15. Nf3 e5 16. c3 Bc5 17. Qb3 h5 18. Bg6+ Ke7 19. Qf7+ Kd6 20. Rad1+ Kc6 21. Be4+ Kb6 22. Qb3+ Kc7 23. Rdg1 Qxg1 24. Rxg1 Ne7 25. Nxe5 d6 26. Nf7 Rg8 0-1
EmilyNaranjo,"['Event ""Rated Blitz game""', 'Site ""https://lichess.org/KUBVtwL5""', 'Date ""2019.12.23""', 'White ""strate""', 'Black ""EmilyNaranjo""', 'Result ""1-0""', 'UTCDate ""2019.12.23""', 'UTCTime ""19:01:44""', 'WhiteElo ""1262""', 'BlackElo ""1329""', 'WhiteRatingDiff ""+6""', 'BlackRatingDiff ""-141""', 'Variant ""Standard""', 'TimeControl ""180+2""', 'ECO ""B21""', 'Opening ""Sicilian Defense: Smith-Morra Gambit""', 'Termination ""Time forfeit""']",1. e4 c5 2. d4 cxd4 3. c3 dxc3 4. Nxc3 Nc6 5. Nf3 d6 6. Bb5 e5 7. O-O Be6 8. Nd5 Be7 9. Nxe7 Nxe7 10. Bg5 O-O 11. Qc2 Rc8 12. Rad1 f5 13. Nxe5 Nxe5 14. Qa4 a6 15. Be2 Rc7 16. Rc1 Nf7 17. h4 Nxg5 18. hxg5 Rxc1 19. Rxc1 Nc6 20. exf5 Rxf5 21. Qh4 Qxg5 22. Qxg5 Rxg5 23. f4 Bd5 24. fxg5 Kf7 25. Rf1+ Kg6 26. Rf8 Kxg5 27. Kf2 Nd4 28. Ke3 Nc2+ 29. Kd3 Nb4+ 30. Kd4 Bxa2 31. Rb8 1-0
EmilyNaranjo,"['Event ""Rated Blitz game""', 'Site ""https://lichess.org/eoAvcMGC""', 'Date ""2019.12.23""', 'White ""mehri2007""', 'Black ""EmilyNaranjo""', 'Result ""1-0""', 'UTCDate ""2019.12.23""', 'UTCTime ""18:48:55""', 'WhiteElo ""1508""', 'BlackElo ""1500""', 'WhiteRatingDiff ""+5""', 'BlackRatingDiff ""-171""', 'Variant ""Standard""', 'TimeControl ""180+2""', 'ECO ""B22""', 'Opening ""Sicilian Defense: Alapin Variation""', 'Termination ""Time forfeit""']",1. e4 c5 2. c3 Nc6 3. d4 d6 4. dxc5 dxc5 5. Qxd8+ Kxd8 6. Nf3 Nf6 7. Ng5 Ke8 8. Bc4 h6 9. Nxf7 e6 10. Bxe6 Bxe6 11. Nxh8 Bf7 12. Nxf7 Kxf7 13. Na3 Re8 14. f3 Ne5 15. Bf4 Nd3+ 16. Ke2 Nxf4+ 17. Kf1 Nd3 18. b3 a6 19. Rd1 Nb2 20. Rd2 c4 21. Rxb2 Bb4 22. cxb4 c3 23. Rc2 Rc8 24. Ke2 b5 25. Rhc1 Nh5 26. Rxc3 Nf4+ 27. Kf2 Rd8 28. Rc7+ Kf6 29. R1c6+ Ne6 30. Kg3 Ke5 31. Re7 Rd6 32. Rxd6 Kxd6 33. Rxg7 1-0
